donor_id,acceptor_id,donor_smiles,acceptor_smiles
UDYQQOWAOFCYIV-UHFFFAOYSA-N,RRZCXAVADGOJCY-UHFFFAOYSA-N,O=Cc1ccc(C(=O)NCCc2ccccc2)cc1,Cc1cc(NC(=O)C2CCN(c3ccc(C=O)cc3)CC2)ncc1I
RRZCXAVADGOJCY-UHFFFAOYSA-N,UDYQQOWAOFCYIV-UHFFFAOYSA-N,Cc1cc(NC(=O)C2CCN(c3ccc(C=O)cc3)CC2)ncc1I,O=Cc1ccc(C(=O)NCCc2ccccc2)cc1
BASNCCKFWWUDBG-UHFFFAOYSA-N,VLGMRHYUCPZBBQ-UHFFFAOYSA-N,CC(C)(C)OC(=O)N1CCc2c(C=O)cc(F)cc21,O=Cc1ccc(C(F)C(F)(F)F)cc1
VLGMRHYUCPZBBQ-UHFFFAOYSA-N,BASNCCKFWWUDBG-UHFFFAOYSA-N,O=Cc1ccc(C(F)C(F)(F)F)cc1,CC(C)(C)OC(=O)N1CCc2c(C=O)cc(F)cc21
ZERWPBSFLUHNDA-UHFFFAOYSA-N,TVOLBKRLGJWPDK-UHFFFAOYSA-N,CC1CCCN1c1ccc(F)cc1C=O,CC(=O)Oc1c(F)cc(Br)cc1C=O
TVOLBKRLGJWPDK-UHFFFAOYSA-N,ZERWPBSFLUHNDA-UHFFFAOYSA-N,CC(=O)Oc1c(F)cc(Br)cc1C=O,CC1CCCN1c1ccc(F)cc1C=O
CSZZRYLWAXRTNQ-UHFFFAOYSA-N,CGZGMXSLQDVXME-UHFFFAOYSA-N,O=Cc1cccc(Cl)c1OCc1cccc(F)c1Br,CCN(CC)C(=O)c1cccc(OC)c1C=O
CGZGMXSLQDVXME-UHFFFAOYSA-N,CSZZRYLWAXRTNQ-UHFFFAOYSA-N,CCN(CC)C(=O)c1cccc(OC)c1C=O,O=Cc1cccc(Cl)c1OCc1cccc(F)c1Br
MGJJTEKBMONTCP-UHFFFAOYSA-N,NRTORAVBWLJRMX-UHFFFAOYSA-N,Cc1cc(C=O)cc(C)c1B(O)O,CCC(C)(Pc1ccc(F)cc1C=O)c1cc(OC)cc(OC)c1OC
NRTORAVBWLJRMX-UHFFFAOYSA-N,MGJJTEKBMONTCP-UHFFFAOYSA-N,CCC(C)(Pc1ccc(F)cc1C=O)c1cc(OC)cc(OC)c1OC,Cc1cc(C=O)cc(C)c1B(O)O
KYGWVVRZYPBZGT-UHFFFAOYSA-N,YJRYCFVLCSZEAG-UHFFFAOYSA-N,CS(=O)c1cc(F)ccc1C=O,CCOC(=O)CCCOc1ccc(C=O)cc1OC
YJRYCFVLCSZEAG-UHFFFAOYSA-N,KYGWVVRZYPBZGT-UHFFFAOYSA-N,CCOC(=O)CCCOc1ccc(C=O)cc1OC,CS(=O)c1cc(F)ccc1C=O
FLJHXLIGMQTVSG-UHFFFAOYSA-N,OPRWBRQQXFSXDD-UHFFFAOYSA-N,O=Cc1c(OCC(=O)Nc2cc([N+](=O)[O-])ccc2F)ccc2ccccc12,COc1ccc(C=O)c(F)c1C(=O)Cl
OPRWBRQQXFSXDD-UHFFFAOYSA-N,FLJHXLIGMQTVSG-UHFFFAOYSA-N,COc1ccc(C=O)c(F)c1C(=O)Cl,O=Cc1c(OCC(=O)Nc2cc([N+](=O)[O-])ccc2F)ccc2ccccc12
LHTCYULICDEHKE-UHFFFAOYSA-N,QKDYGSVKNIPWRC-UHFFFAOYSA-N,O=Cc1ccc(-c2ccc(OCc3ccccc3)nc2)cc1OCC(F)(F)F,COc1cc(C=O)c(Cc2ccccc2)c(OC)c1O
QKDYGSVKNIPWRC-UHFFFAOYSA-N,LHTCYULICDEHKE-UHFFFAOYSA-N,COc1cc(C=O)c(Cc2ccccc2)c(OC)c1O,O=Cc1ccc(-c2ccc(OCc3ccccc3)nc2)cc1OCC(F)(F)F
LYOXJJQOHIJFPD-UHFFFAOYSA-N,PWDZOVSBTJAABH-UHFFFAOYSA-N,COc1cc(OCCCCCCCCCCCCCBr)cc(O)c1C=O,O=Cc1c(OC(F)F)ccc(Cl)c1F
PWDZOVSBTJAABH-UHFFFAOYSA-N,LYOXJJQOHIJFPD-UHFFFAOYSA-N,O=Cc1c(OC(F)F)ccc(Cl)c1F,COc1cc(OCCCCCCCCCCCCCBr)cc(O)c1C=O
STVKLDJOQMLOCU-UHFFFAOYSA-N,LOXNXPSCZLFRJT-AATRIKPKSA-N,N#Cc1ccc(C(=O)CBr)c(F)c1C=O,O=Cc1ccc(/C=C/C(=O)F)cc1
LOXNXPSCZLFRJT-AATRIKPKSA-N,STVKLDJOQMLOCU-UHFFFAOYSA-N,O=Cc1ccc(/C=C/C(=O)F)cc1,N#Cc1ccc(C(=O)CBr)c(F)c1C=O
BRHOADVFPAGFCR-UHFFFAOYSA-N,XAARDLQCFVXTPT-UHFFFAOYSA-N,Cc1c(-c2ccccc2)nc2ccc(Br)cc2c1C(=O)Nc1ccc(C=O)cc1F,O=Cc1cc(Br)ccc1Oc1ccc(F)c(Br)c1
XAARDLQCFVXTPT-UHFFFAOYSA-N,BRHOADVFPAGFCR-UHFFFAOYSA-N,O=Cc1cc(Br)ccc1Oc1ccc(F)c(Br)c1,Cc1c(-c2ccccc2)nc2ccc(Br)cc2c1C(=O)Nc1ccc(C=O)cc1F
XRKKAVDATSQCAC-UHFFFAOYSA-N,ZLAQYJKDQSZARB-OGCXVWDESA-N,Cc1ccc(OC(F)F)c(CNc2cc(C3=CCC(C(C)(C)O)OC3)c(F)cc2C=O)c1,CC(/C=C/C1(C)C(C)C=CC(=O)C1C)=C\Cc1c(O)c(Cl)c(C)c(C=O)c1O
ZLAQYJKDQSZARB-OGCXVWDESA-N,XRKKAVDATSQCAC-UHFFFAOYSA-N,CC(/C=C/C1(C)C(C)C=CC(=O)C1C)=C\Cc1c(O)c(Cl)c(C)c(C=O)c1O,Cc1ccc(OC(F)F)c(CNc2cc(C3=CCC(C(C)(C)O)OC3)c(F)cc2C=O)c1
INESYPZMVPGZSM-XYAITNJASA-N,CLXMAIZWSJGDCT-UHFFFAOYSA-N,C[C@]12C[C@H](c3ccc(C=O)cc3)C3=C4CCC(=O)C=C4CCC3C1CC[C@@]2(O)C(F)(F)C(F)(F)F,O=Cc1cc(C#CCNC(=O)OCC2c3ccccc3-c3ccccc32)ccc1F
CLXMAIZWSJGDCT-UHFFFAOYSA-N,INESYPZMVPGZSM-XYAITNJASA-N,O=Cc1cc(C#CCNC(=O)OCC2c3ccccc3-c3ccccc32)ccc1F,C[C@]12C[C@H](c3ccc(C=O)cc3)C3=C4CCC(=O)C=C4CCC3C1CC[C@@]2(O)C(F)(F)C(F)(F)F
DOGSPNRZNVHECU-UHFFFAOYSA-N,VOVBJWTWXMYNQH-UHFFFAOYSA-N,O=Cc1cccc(OC(c2ccncc2)C(F)(F)F)c1,CC(=O)SCCC=Cc1ccc(F)cc1C=O
VOVBJWTWXMYNQH-UHFFFAOYSA-N,DOGSPNRZNVHECU-UHFFFAOYSA-N,CC(=O)SCCC=Cc1ccc(F)cc1C=O,O=Cc1cccc(OC(c2ccncc2)C(F)(F)F)c1
XEKJYCIJJSQHEK-UHFFFAOYSA-N,UBUUDUFZVMWAEF-RIEGTJTDSA-N,CCOc1cc(C=O)ccc1OCC(=O)NCc1ccccc1,C[C@H](c1ccc(C=O)cc1)[C@@]1(C)C(=O)NC[C@@H]1CF
UBUUDUFZVMWAEF-RIEGTJTDSA-N,XEKJYCIJJSQHEK-UHFFFAOYSA-N,C[C@H](c1ccc(C=O)cc1)[C@@]1(C)C(=O)NC[C@@H]1CF,CCOc1cc(C=O)ccc1OCC(=O)NCc1ccccc1
CMTXZFKJIVFOSB-UHFFFAOYSA-N,IOTKTVXMHHWRIF-UHFFFAOYSA-N,COc1ccc(NC(=O)COc2ccc(C=O)cc2Br)cc1,CCC(C)OCc1cc(F)ccc1C=O
IOTKTVXMHHWRIF-UHFFFAOYSA-N,CMTXZFKJIVFOSB-UHFFFAOYSA-N,CCC(C)OCc1cc(F)ccc1C=O,COc1ccc(NC(=O)COc2ccc(C=O)cc2Br)cc1
OADHTSJQNYUVHX-UHFFFAOYSA-N,KSXSHNNQXUOMEF-UHFFFAOYSA-N,Cc1ccc2cc(-c3ccc(C=O)cc3)ccc2n1,CC(=O)c1cc(F)c(C=O)cc1[N+](=O)[O-]
KSXSHNNQXUOMEF-UHFFFAOYSA-N,OADHTSJQNYUVHX-UHFFFAOYSA-N,CC(=O)c1cc(F)c(C=O)cc1[N+](=O)[O-],Cc1ccc2cc(-c3ccc(C=O)cc3)ccc2n1
QLFFHGGWPDZMBB-UHFFFAOYSA-N,KJQFJDVYEHDEQB-UHFFFAOYSA-N,COc1cc(C=O)ccc1OCC(=O)OCC(=O)Nc1ccc(F)c(F)c1F,CCOC(=O)c1c(Cl)ccc(C=O)c1F
KJQFJDVYEHDEQB-UHFFFAOYSA-N,QLFFHGGWPDZMBB-UHFFFAOYSA-N,CCOC(=O)c1c(Cl)ccc(C=O)c1F,COc1cc(C=O)ccc1OCC(=O)OCC(=O)Nc1ccc(F)c(F)c1F
HLPRBNCIKLVJKP-UHFFFAOYSA-N,RXBFOUDYFRKIGD-UHFFFAOYSA-N,O=Cc1ccc(OCC2(C(F)(F)F)CC2)cc1,CC1(C)CCN(Cc2cc3cc(C=O)ccc3nc2F)CC1
RXBFOUDYFRKIGD-UHFFFAOYSA-N,HLPRBNCIKLVJKP-UHFFFAOYSA-N,CC1(C)CCN(Cc2cc3cc(C=O)ccc3nc2F)CC1,O=Cc1ccc(OCC2(C(F)(F)F)CC2)cc1
WSRDWPPNYIOPMF-UHFFFAOYSA-N,RFROHJRARMZISW-ROUUACIJSA-N,CC1CN(C(=O)O)Cc2c(OCc3ccccc3)cc(C=O)c(F)c21,O=Cc1cc([C@@H]2C[C@H]2c2ccc(N3CCCC3)cc2)cc(F)c1O
RFROHJRARMZISW-ROUUACIJSA-N,WSRDWPPNYIOPMF-UHFFFAOYSA-N,O=Cc1cc([C@@H]2C[C@H]2c2ccc(N3CCCC3)cc2)cc(F)c1O,CC1CN(C(=O)O)Cc2c(OCc3ccccc3)cc(C=O)c(F)c21
YIZWPZKKYYJJMS-UHFFFAOYSA-N,JAXYYDMECWEUSX-UHFFFAOYSA-N,CCOc1cc(C=O)ccc1OC(=O)c1ccc(Cl)cc1,Cc1cc(C=O)cc(NC(=O)CC(F)(F)F)c1
JAXYYDMECWEUSX-UHFFFAOYSA-N,YIZWPZKKYYJJMS-UHFFFAOYSA-N,Cc1cc(C=O)cc(NC(=O)CC(F)(F)F)c1,CCOc1cc(C=O)ccc1OC(=O)c1ccc(Cl)cc1
PPXALYNGJPEUCP-UHFFFAOYSA-N,DFJIAUFCXFHAKB-UHFFFAOYSA-N,NC(=O)C1CCCCN1c1cccc(F)c1C=O,Cc1cncc(-c2ccc(C(F)(F)F)cc2C=O)c1
DFJIAUFCXFHAKB-UHFFFAOYSA-N,PPXALYNGJPEUCP-UHFFFAOYSA-N,Cc1cncc(-c2ccc(C(F)(F)F)cc2C=O)c1,NC(=O)C1CCCCN1c1cccc(F)c1C=O
PEYGMVVDJGISOK-UHFFFAOYSA-N,GEJALCWZQUNGCD-UHFFFAOYSA-N,O=Cc1c(O)ccc2cc(-c3ccc(C(=O)NCC4CCCCN4)s3)ccc12,O=Cc1cc(F)c(OCC2Cc3ccccc3O2)c(F)c1
GEJALCWZQUNGCD-UHFFFAOYSA-N,PEYGMVVDJGISOK-UHFFFAOYSA-N,O=Cc1cc(F)c(OCC2Cc3ccccc3O2)c(F)c1,O=Cc1c(O)ccc2cc(-c3ccc(C(=O)NCC4CCCCN4)s3)ccc12
APPXRZUFMHRGGW-UHFFFAOYSA-N,LBLUODAMHWQWCR-UHFFFAOYSA-N,COc1cc(I)c(C=O)cc1O,COC(OC)c1ccccc1C=O
LBLUODAMHWQWCR-UHFFFAOYSA-N,APPXRZUFMHRGGW-UHFFFAOYSA-N,COC(OC)c1ccccc1C=O,COc1cc(I)c(C=O)cc1O
VUHDYRBGSHBADR-UHFFFAOYSA-N,PVZPKYJUVFDRIB-UHFFFAOYSA-N,O=Cc1ccc(-c2noc(-c3cn4cc(C(F)(F)F)cc(Br)c4n3)n2)c(Cl)c1,COc1c(O)c(Cl)cc(C=O)c1Cl
PVZPKYJUVFDRIB-UHFFFAOYSA-N,VUHDYRBGSHBADR-UHFFFAOYSA-N,COc1c(O)c(Cl)cc(C=O)c1Cl,O=Cc1ccc(-c2noc(-c3cn4cc(C(F)(F)F)cc(Br)c4n3)n2)c(Cl)c1
CKRYWJSYCUJWIE-SFHVURJKSA-N,AYMIQJQHWDGLAS-APWZRJJASA-N,O=Cc1ccc2ccccc2c1N1CCCC[C@H]1CNc1cnc2cc(F)c(F)cc2n1,Cc1cc(C)nc(N[C@H]2CCCN(c3ccc(-c4ncccn4)c(C=O)c3F)[C@@H]2C)n1
AYMIQJQHWDGLAS-APWZRJJASA-N,CKRYWJSYCUJWIE-SFHVURJKSA-N,Cc1cc(C)nc(N[C@H]2CCCN(c3ccc(-c4ncccn4)c(C=O)c3F)[C@@H]2C)n1,O=Cc1ccc2ccccc2c1N1CCCC[C@H]1CNc1cnc2cc(F)c(F)cc2n1
PUXGVWIAVAQYSF-UHFFFAOYSA-N,BDCMTVHBCWUFLG-UHFFFAOYSA-N,CCOC(=O)c1c(O)cccc1C=O,COCCNC(=O)Cc1c(C)c2cc(OC)c(O)c(C=O)c2oc1=O
BDCMTVHBCWUFLG-UHFFFAOYSA-N,PUXGVWIAVAQYSF-UHFFFAOYSA-N,COCCNC(=O)Cc1c(C)c2cc(OC)c(O)c(C=O)c2oc1=O,CCOC(=O)c1c(O)cccc1C=O
SRYURSBDJMYTOQ-UHFFFAOYSA-N,JNUVUJGJPIMGFE-UHFFFAOYSA-N,O=Cc1ccc(-c2ccc(CCC3CCCCC3)c(F)c2)c2cccnc12,CCOC(=O)c1c(C#N)cc(C(F)(F)F)cc1C=O
JNUVUJGJPIMGFE-UHFFFAOYSA-N,SRYURSBDJMYTOQ-UHFFFAOYSA-N,CCOC(=O)c1c(C#N)cc(C(F)(F)F)cc1C=O,O=Cc1ccc(-c2ccc(CCC3CCCCC3)c(F)c2)c2cccnc12
TYLUJZMTWWZRGT-UHFFFAOYSA-N,PVQFZQUGKIAVRT-UHFFFAOYSA-N,COc1cc(F)c(C(=O)Nc2c(Cl)cc(C=O)cc2Cl)cc1OC1CCCC1,NC(=O)C=Cc1ccc(C=O)c(F)c1
PVQFZQUGKIAVRT-UHFFFAOYSA-N,TYLUJZMTWWZRGT-UHFFFAOYSA-N,NC(=O)C=Cc1ccc(C=O)c(F)c1,COc1cc(F)c(C(=O)Nc2c(Cl)cc(C=O)cc2Cl)cc1OC1CCCC1
IFSVDNYGDIPKEX-UHFFFAOYSA-N,LDVQTLSRHXSKOL-UHFFFAOYSA-N,O=Cc1cc(C=Cc2ccc(OCC3CC3)cc2)cc(F)c1O,CCCCCCCCCOC(=O)CCCCCCCCC(=O)Oc1ccc(C=O)cc1
LDVQTLSRHXSKOL-UHFFFAOYSA-N,IFSVDNYGDIPKEX-UHFFFAOYSA-N,CCCCCCCCCOC(=O)CCCCCCCCC(=O)Oc1ccc(C=O)cc1,O=Cc1cc(C=Cc2ccc(OCC3CC3)cc2)cc(F)c1O
YKZWLIFJZIJNKY-UHFFFAOYSA-N,YLRSSTPFVKTTNC-UHFFFAOYSA-N,Cc1cc(C=O)c2nn(CC(C)(C#N)NC(=O)c3ccc(OC(F)(F)F)cc3)nc2c1,COc1ccc(COc2ccc(F)c(OCc3ccccc3)c2C=O)cc1
YLRSSTPFVKTTNC-UHFFFAOYSA-N,YKZWLIFJZIJNKY-UHFFFAOYSA-N,COc1ccc(COc2ccc(F)c(OCc3ccccc3)c2C=O)cc1,Cc1cc(C=O)c2nn(CC(C)(C#N)NC(=O)c3ccc(OC(F)(F)F)cc3)nc2c1
QYGIKDWXTMCEEW-UHFFFAOYSA-N,WVAQQBXSIIARHR-UHFFFAOYSA-N,O=Cc1ccc(F)cc1-c1ccoc1,O=Cc1ccc(Oc2ccc(F)c(Br)c2)c([N+](=O)[O-])c1
WVAQQBXSIIARHR-UHFFFAOYSA-N,QYGIKDWXTMCEEW-UHFFFAOYSA-N,O=Cc1ccc(Oc2ccc(F)c(Br)c2)c([N+](=O)[O-])c1,O=Cc1ccc(F)cc1-c1ccoc1
LBEDPTYSTFMVDX-UHFFFAOYSA-N,LSLCGODJKYBTOE-UHFFFAOYSA-N,CCCc1ccc(-c2c(-c3ccc(C(F)(F)F)cc3)cc(F)c(C=O)c2F)cc1,CC1CCCCCN1c1cccc(F)c1C=O
LSLCGODJKYBTOE-UHFFFAOYSA-N,LBEDPTYSTFMVDX-UHFFFAOYSA-N,CC1CCCCCN1c1cccc(F)c1C=O,CCCc1ccc(-c2c(-c3ccc(C(F)(F)F)cc3)cc(F)c(C=O)c2F)cc1
GTMFIRJLBBXARD-UHFFFAOYSA-N,FUOJOQDZOADYCR-UHFFFAOYSA-N,O=Cc1ccc(F)cc1OCc1ccccc1,O=Cc1ccc(-c2cccc(OCc3ccccc3)c2)cc1OCC(F)F
FUOJOQDZOADYCR-UHFFFAOYSA-N,GTMFIRJLBBXARD-UHFFFAOYSA-N,O=Cc1ccc(-c2cccc(OCc3ccccc3)c2)cc1OCC(F)F,O=Cc1ccc(F)cc1OCc1ccccc1
XPGWSOLLMKZDON-UHFFFAOYSA-N,HCOMZIZOKFSSEH-UHFFFAOYSA-N,C=CC(F)(F)Oc1ccc(-c2cc(C=O)cc(OC(F)(F)F)c2)cc1F,O=Cc1cc(F)c(OCC(F)F)c(Br)c1
HCOMZIZOKFSSEH-UHFFFAOYSA-N,XPGWSOLLMKZDON-UHFFFAOYSA-N,O=Cc1cc(F)c(OCC(F)F)c(Br)c1,C=CC(F)(F)Oc1ccc(-c2cc(C=O)cc(OC(F)(F)F)c2)cc1F
SKWADSBDJMOUSL-UHFFFAOYSA-N,UQOITJYNCZIWCB-UHFFFAOYSA-N,Cc1nn(-c2ccc(C=O)c(O)c2)nc1-c1ccccc1,O=Cc1ccc(Oc2ccc(O)cc2)c(C(F)(F)F)c1
UQOITJYNCZIWCB-UHFFFAOYSA-N,SKWADSBDJMOUSL-UHFFFAOYSA-N,O=Cc1ccc(Oc2ccc(O)cc2)c(C(F)(F)F)c1,Cc1nn(-c2ccc(C=O)c(O)c2)nc1-c1ccccc1
CCRDXZGFEZQDRL-QHLKIINSSA-N,VFEJCQSLGZGGLT-UHFFFAOYSA-N,COc1cc(O)cc(C(=O)c2c(O)cc(C)c3c2O[C@@]2(C)OC[C@H](C)[C@H]2C3)c1C=O,CCCN(CC(F)(F)F)c1c(Cl)cccc1C=O
VFEJCQSLGZGGLT-UHFFFAOYSA-N,CCRDXZGFEZQDRL-QHLKIINSSA-N,CCCN(CC(F)(F)F)c1c(Cl)cccc1C=O,COc1cc(O)cc(C(=O)c2c(O)cc(C)c3c2O[C@@]2(C)OC[C@H](C)[C@H]2C3)c1C=O
NCYZGDNAURQEMU-UHFFFAOYSA-N,CTSYMGKKRHIYIH-UHFFFAOYSA-N,CCOC(=O)c1c(C)cc(C=O)c(NC(=O)c2ccccc2F)c1C,O=Cc1ccc(C(F)(F)F)cc1[N+](=O)[O-]
CTSYMGKKRHIYIH-UHFFFAOYSA-N,NCYZGDNAURQEMU-UHFFFAOYSA-N,O=Cc1ccc(C(F)(F)F)cc1[N+](=O)[O-],CCOC(=O)c1c(C)cc(C=O)c(NC(=O)c2ccccc2F)c1C
AERBPVKCWDAIIB-UHFFFAOYSA-N,JASFYLCGBIKWNT-ZDUSSCGKSA-N,CC(=O)Nc1ccccc1Oc1cccc(F)c1C=O,C[C@H](OC(=O)COc1ccc(C=O)cc1)C(=O)NCc1ccc(F)cc1
JASFYLCGBIKWNT-ZDUSSCGKSA-N,AERBPVKCWDAIIB-UHFFFAOYSA-N,C[C@H](OC(=O)COc1ccc(C=O)cc1)C(=O)NCc1ccc(F)cc1,CC(=O)Nc1ccccc1Oc1cccc(F)c1C=O
GNHLBYCZBGGVDJ-UHFFFAOYSA-N,DCLKRBSBZAEWBK-UHFFFAOYSA-N,CCOC(=O)Cc1cc(C=O)c(C(F)(F)F)cc1C#N,O=Cc1ccc(C(F)(F)F)cc1C1CCC2(CNC2)C1
DCLKRBSBZAEWBK-UHFFFAOYSA-N,GNHLBYCZBGGVDJ-UHFFFAOYSA-N,O=Cc1ccc(C(F)(F)F)cc1C1CCC2(CNC2)C1,CCOC(=O)Cc1cc(C=O)c(C(F)(F)F)cc1C#N
OVSKBSANDITPJP-UHFFFAOYSA-N,KGJSOQLNZOQSQV-UHFFFAOYSA-N,O=Cc1cccc(OC2CCC(F)(F)CC2)c1,Cn1nccc1CCOc1ccc(F)cc1C=O
KGJSOQLNZOQSQV-UHFFFAOYSA-N,OVSKBSANDITPJP-UHFFFAOYSA-N,Cn1nccc1CCOc1ccc(F)cc1C=O,O=Cc1cccc(OC2CCC(F)(F)CC2)c1
RLHMVKRLGVMAIE-UHFFFAOYSA-N,UPMWSCBOBUSVHY-UHFFFAOYSA-N,COC(=O)c1ccc(COc2ccc(OC)cc2C=O)nc1,COc1cccc(C(O)COc2c(F)cccc2C=O)c1
UPMWSCBOBUSVHY-UHFFFAOYSA-N,RLHMVKRLGVMAIE-UHFFFAOYSA-N,COc1cccc(C(O)COc2c(F)cccc2C=O)c1,COC(=O)c1ccc(COc2ccc(OC)cc2C=O)nc1
AGDNIICUNPJAJY-UHFFFAOYSA-N,LIZIYRVVNJDYTN-UHFFFAOYSA-N,O=Cc1cc(-c2cccc(C(=O)NCc3ccccc3)c2)ccc1O,CC1COCCN1c1ccc(F)cc1C=O
LIZIYRVVNJDYTN-UHFFFAOYSA-N,AGDNIICUNPJAJY-UHFFFAOYSA-N,CC1COCCN1c1ccc(F)cc1C=O,O=Cc1cc(-c2cccc(C(=O)NCc3ccccc3)c2)ccc1O
BPOOBTXCXAIQJQ-UHFFFAOYSA-N,BIOUKTNSVJINJZ-UHFFFAOYSA-N,O=Cc1c(Cl)cccc1Oc1ccccc1F,CC(C)(C)OC(=O)N1CCC(C(F)(F)S(=O)(=O)c2ccccc2C=O)CC1
BIOUKTNSVJINJZ-UHFFFAOYSA-N,BPOOBTXCXAIQJQ-UHFFFAOYSA-N,CC(C)(C)OC(=O)N1CCC(C(F)(F)S(=O)(=O)c2ccccc2C=O)CC1,O=Cc1c(Cl)cccc1Oc1ccccc1F
HPRQXUGJVLNHTE-UHFFFAOYSA-N,WWCUSUVBHZIZRX-UHFFFAOYSA-N,O=Cc1ccc(CC2CCCC2)cc1,COc1cc(OC)c2[nH]c(C(=O)O)cc2c1C=O
WWCUSUVBHZIZRX-UHFFFAOYSA-N,HPRQXUGJVLNHTE-UHFFFAOYSA-N,COc1cc(OC)c2[nH]c(C(=O)O)cc2c1C=O,O=Cc1ccc(CC2CCCC2)cc1
FKMOAZYMWFCEAF-UHFFFAOYSA-N,XAERJJRGAWIBKY-UHFFFAOYSA-N,O=Cc1cc(C(=O)O)c(Nc2ccc3sccc3c2)c(F)c1F,CCN(c1cccc(F)c1)c1ccc(C=O)cc1C
XAERJJRGAWIBKY-UHFFFAOYSA-N,FKMOAZYMWFCEAF-UHFFFAOYSA-N,CCN(c1cccc(F)c1)c1ccc(C=O)cc1C,O=Cc1cc(C(=O)O)c(Nc2ccc3sccc3c2)c(F)c1F
FHHPVYWDUMVQJX-UHFFFAOYSA-N,OUKTUVAWFXVHNR-MWLCHTKSSA-N,O=Cc1cc(F)c(F)cc1C(O)C(=O)O,C[C@@H]1OC[C@H](COc2ccccc2C=O)O1
OUKTUVAWFXVHNR-MWLCHTKSSA-N,FHHPVYWDUMVQJX-UHFFFAOYSA-N,C[C@@H]1OC[C@H](COc2ccccc2C=O)O1,O=Cc1cc(F)c(F)cc1C(O)C(=O)O
NPHHCAGJTCKHMZ-UHFFFAOYSA-N,VQDJGMNNQPROCJ-UHFFFAOYSA-N,O=Cc1cccc(-c2cccc(F)c2)c1CO,COc1cc(C=O)c2cc(C)n(C(C)=O)c2c1O
VQDJGMNNQPROCJ-UHFFFAOYSA-N,NPHHCAGJTCKHMZ-UHFFFAOYSA-N,COc1cc(C=O)c2cc(C)n(C(C)=O)c2c1O,O=Cc1cccc(-c2cccc(F)c2)c1CO
FKVWZXOENWEHFN-UHFFFAOYSA-N,YOUXSCBHQKNTOL-UHFFFAOYSA-N,CC(Oc1ccc(C=O)cc1)C(=O)Nc1ccc(F)c(F)c1,CC(C)C(CF)c1cccc(C=O)c1
YOUXSCBHQKNTOL-UHFFFAOYSA-N,FKVWZXOENWEHFN-UHFFFAOYSA-N,CC(C)C(CF)c1cccc(C=O)c1,CC(Oc1ccc(C=O)cc1)C(=O)Nc1ccc(F)c(F)c1
XCFBJBBVHDDEPN-UHFFFAOYSA-N,AKZGFKKWHLVRIB-UHFFFAOYSA-N,COC(=O)COc1ccccc1-c1cc2cc(C=O)ccc2o1,Cc1ccc(-c2ccc(C=O)cc2F)c2ccccc12
AKZGFKKWHLVRIB-UHFFFAOYSA-N,XCFBJBBVHDDEPN-UHFFFAOYSA-N,Cc1ccc(-c2ccc(C=O)cc2F)c2ccccc12,COC(=O)COc1ccccc1-c1cc2cc(C=O)ccc2o1
QWBBIUZKPSPCGI-UHFFFAOYSA-N,KAIBNDXVCRJMSC-UHFFFAOYSA-N,O=Cc1cc(Cl)cc(-c2cn(Cc3ccc(-c4nnc(C(F)F)o4)cc3F)nn2)c1,COc1ccc(-c2[nH]c3ccc(F)cc3c2C=O)cc1OC
KAIBNDXVCRJMSC-UHFFFAOYSA-N,QWBBIUZKPSPCGI-UHFFFAOYSA-N,COc1ccc(-c2[nH]c3ccc(F)cc3c2C=O)cc1OC,O=Cc1cc(Cl)cc(-c2cn(Cc3ccc(-c4nnc(C(F)F)o4)cc3F)nn2)c1
HZNOPWKQZZXRIF-UHFFFAOYSA-N,GASAFKIJKKCDDQ-UHFFFAOYSA-N,CCOc1cc(C=O)ccc1F,CCCCCc1nc(C=O)ccc1F
GASAFKIJKKCDDQ-UHFFFAOYSA-N,HZNOPWKQZZXRIF-UHFFFAOYSA-N,CCCCCc1nc(C=O)ccc1F,CCOc1cc(C=O)ccc1F
MAAXWPXWTJJZDU-UHFFFAOYSA-N,RCOMZYINDQPMJG-UHFFFAOYSA-N,CC(C)N1CCN(Cc2ccc(F)c(C=O)c2)CC1,NCc1nc(F)cc(C(F)F)c1C=O
RCOMZYINDQPMJG-UHFFFAOYSA-N,MAAXWPXWTJJZDU-UHFFFAOYSA-N,NCc1nc(F)cc(C(F)F)c1C=O,CC(C)N1CCN(Cc2ccc(F)c(C=O)c2)CC1
NTEGCABTMKSSKM-UHFFFAOYSA-N,PYJGGZVEXSQYRU-UHFFFAOYSA-N,O=Cc1ccc(OCCOc2c(Cl)cc(OCC=C(Cl)Cl)cc2Cl)cc1,O=Cc1cccn1CCc1ccc(F)cc1
PYJGGZVEXSQYRU-UHFFFAOYSA-N,NTEGCABTMKSSKM-UHFFFAOYSA-N,O=Cc1cccn1CCc1ccc(F)cc1,O=Cc1ccc(OCCOc2c(Cl)cc(OCC=C(Cl)Cl)cc2Cl)cc1
RYSJAQSTIILRKM-UHFFFAOYSA-N,BPDFZGCHPUQPJZ-UHFFFAOYSA-N,COc1cc(C=O)cc(OC)c1O[Si](C)(C)C,COc1nccn2nc(-c3ccc(F)cc3)c(C=O)c12
BPDFZGCHPUQPJZ-UHFFFAOYSA-N,RYSJAQSTIILRKM-UHFFFAOYSA-N,COc1nccn2nc(-c3ccc(F)cc3)c(C=O)c12,COc1cc(C=O)cc(OC)c1O[Si](C)(C)C
ZEMCJOVOQZLBBY-UHFFFAOYSA-N,OGUGOHRWQWHRDS-UHFFFAOYSA-N,CC(C)(C)OC(=O)NCCc1cc(F)cc(C=O)c1,COc1ccc(Nc2nc(N)c(C=O)c(OC(C)C)n2)cc1
OGUGOHRWQWHRDS-UHFFFAOYSA-N,ZEMCJOVOQZLBBY-UHFFFAOYSA-N,COc1ccc(Nc2nc(N)c(C=O)c(OC(C)C)n2)cc1,CC(C)(C)OC(=O)NCCc1cc(F)cc(C=O)c1
SBZFOKVBEUWGFV-UHFFFAOYSA-N,YUQNLLQOFBHLEM-UHFFFAOYSA-N,O=Cc1ccc(OCc2ccc(OC3CCCC3)c(C(F)(F)F)c2)cc1F,O=Cc1cc(F)cnc1C1CC1
YUQNLLQOFBHLEM-UHFFFAOYSA-N,SBZFOKVBEUWGFV-UHFFFAOYSA-N,O=Cc1cc(F)cnc1C1CC1,O=Cc1ccc(OCc2ccc(OC3CCCC3)c(C(F)(F)F)c2)cc1F
FGFAVRPKDPQNDQ-UHFFFAOYSA-N,DYKVVENJUKAVIP-UHFFFAOYSA-N,CCOC(=O)CCCOc1ccc(C=O)cc1F,Cn1c(C=O)ccc1-c1cccc(OC(F)(F)F)c1
DYKVVENJUKAVIP-UHFFFAOYSA-N,FGFAVRPKDPQNDQ-UHFFFAOYSA-N,Cn1c(C=O)ccc1-c1cccc(OC(F)(F)F)c1,CCOC(=O)CCCOc1ccc(C=O)cc1F
PIRZCSNEBZBWFQ-BBHUYCHWSA-N,XFIVCYVDZPIDTJ-UHFFFAOYSA-N,C=CC[C@]1(Oc2ccc(F)cc2C=O)CCCN(C(=O)C2=CCC(OC)NC2OC)C1,O=Cc1csc(C(O)C2=CCCCC2=O)c1
XFIVCYVDZPIDTJ-UHFFFAOYSA-N,PIRZCSNEBZBWFQ-BBHUYCHWSA-N,O=Cc1csc(C(O)C2=CCCCC2=O)c1,C=CC[C@]1(Oc2ccc(F)cc2C=O)CCCN(C(=O)C2=CCC(OC)NC2OC)C1
OWHDEDLXYSQEPY-UHFFFAOYSA-N,NFSVGJLKFKEOBP-UHFFFAOYSA-N,N#CC(NCc1ccc(C=O)cc1)c1ccccc1,O=Cc1cn2c3c1ccc1c4ccccc4n(c13)CC(OCCN1CCCCC1)C2
NFSVGJLKFKEOBP-UHFFFAOYSA-N,OWHDEDLXYSQEPY-UHFFFAOYSA-N,O=Cc1cn2c3c1ccc1c4ccccc4n(c13)CC(OCCN1CCCCC1)C2,N#CC(NCc1ccc(C=O)cc1)c1ccccc1
QOSVASMRQVWIBY-UHFFFAOYSA-N,HPQBFVOTEQNDNO-UHFFFAOYSA-N,O=Cc1cc(Br)c([N+](=O)[O-])cc1F,Nc1nc(CF)c(C=O)o1
HPQBFVOTEQNDNO-UHFFFAOYSA-N,QOSVASMRQVWIBY-UHFFFAOYSA-N,Nc1nc(CF)c(C=O)o1,O=Cc1cc(Br)c([N+](=O)[O-])cc1F
JGPGZNVODICOGN-UHFFFAOYSA-N,QELBQGQAKVQWTH-UHFFFAOYSA-N,Cc1ccc(Oc2ccc([N+](=O)[O-])cc2C=O)cc1,COc1cc(C=O)c(CN)nc1OC(F)(F)F
QELBQGQAKVQWTH-UHFFFAOYSA-N,JGPGZNVODICOGN-UHFFFAOYSA-N,COc1cc(C=O)c(CN)nc1OC(F)(F)F,Cc1ccc(Oc2ccc([N+](=O)[O-])cc2C=O)cc1
OCCUMQMPMXUDAM-UHFFFAOYSA-N,SROOMKIJZQRSIE-UHFFFAOYSA-N,CC(C)(C)[Si](C)(C)OCc1cc(F)c(C=O)c2cc(OC(N)=O)ncc12,N#Cc1cc(OC(F)(F)F)c(N)nc1C=O
SROOMKIJZQRSIE-UHFFFAOYSA-N,OCCUMQMPMXUDAM-UHFFFAOYSA-N,N#Cc1cc(OC(F)(F)F)c(N)nc1C=O,CC(C)(C)[Si](C)(C)OCc1cc(F)c(C=O)c2cc(OC(N)=O)ncc12
IZGKBOYNQXDICV-UHFFFAOYSA-N,DGHSKNQZTQQXPM-MXILELMHSA-N,O=Cc1c(Oc2ccc(C(F)(F)F)cc2Cl)cccc1[N+](=O)[O-],C\C=C/C=C(\C=C\CCC)c1cc(C/C(C)=C(/C)Nc2cc(SCC)c(C)cc2F)c(C=O)s1
DGHSKNQZTQQXPM-MXILELMHSA-N,IZGKBOYNQXDICV-UHFFFAOYSA-N,C\C=C/C=C(\C=C\CCC)c1cc(C/C(C)=C(/C)Nc2cc(SCC)c(C)cc2F)c(C=O)s1,O=Cc1c(Oc2ccc(C(F)(F)F)cc2Cl)cccc1[N+](=O)[O-]
WICNNCCWGAQOQN-UHFFFAOYSA-N,FIEMTYCYDBJHMQ-UHFFFAOYSA-N,CC(Nc1ccc(-c2cccc(C=O)c2)cn1)c1ccccc1,CCc1ccc(Cc2nc3c(F)cccn3c2C=O)cc1
FIEMTYCYDBJHMQ-UHFFFAOYSA-N,WICNNCCWGAQOQN-UHFFFAOYSA-N,CCc1ccc(Cc2nc3c(F)cccn3c2C=O)cc1,CC(Nc1ccc(-c2cccc(C=O)c2)cn1)c1ccccc1
FMJIKKXSIVRJGO-UHFFFAOYSA-N,JSCWARWMGROIRT-UHFFFAOYSA-N,CC(C)=CCC1C(C)=CCC2(C)C(=O)c3c(c(C=O)c(O)c(O)c3C(C)C)C(=O)C12,O=Cc1cn(-c2ccccc2Br)nc1C(F)(F)F
JSCWARWMGROIRT-UHFFFAOYSA-N,FMJIKKXSIVRJGO-UHFFFAOYSA-N,O=Cc1cn(-c2ccccc2Br)nc1C(F)(F)F,CC(C)=CCC1C(C)=CCC2(C)C(=O)c3c(c(C=O)c(O)c(O)c3C(C)C)C(=O)C12
GXUGRMAIFULRBK-UHFFFAOYSA-N,SLCRENXIFPCMHC-UHFFFAOYSA-N,CCCCCCOc1c(C#N)ccc2c(OCCCCCC)c(C=O)ccc12,O=Cc1cn(-c2ncccn2)nc1C(F)(F)F
SLCRENXIFPCMHC-UHFFFAOYSA-N,GXUGRMAIFULRBK-UHFFFAOYSA-N,O=Cc1cn(-c2ncccn2)nc1C(F)(F)F,CCCCCCOc1c(C#N)ccc2c(OCCCCCC)c(C=O)ccc12
QCZREWHANZICFM-UHFFFAOYSA-N,XSPDMODYDHOMJZ-UHFFFAOYSA-N,Cc1cc(I)c(F)cc1C=O,COc1sc(-c2ccccc2)nc1C=O
XSPDMODYDHOMJZ-UHFFFAOYSA-N,QCZREWHANZICFM-UHFFFAOYSA-N,COc1sc(-c2ccccc2)nc1C=O,Cc1cc(I)c(F)cc1C=O
YVUBNSSWSOVSEN-UHFFFAOYSA-N,YZFBSRWYFQIBFN-UHFFFAOYSA-N,O=Cc1cc([N+](=O)[O-])ccc1Sc1ccc(Cl)cc1Cl,O=Cc1cc(F)ncc1-c1ccc(Cl)cc1Cl
YZFBSRWYFQIBFN-UHFFFAOYSA-N,YVUBNSSWSOVSEN-UHFFFAOYSA-N,O=Cc1cc(F)ncc1-c1ccc(Cl)cc1Cl,O=Cc1cc([N+](=O)[O-])ccc1Sc1ccc(Cl)cc1Cl
KXJHUNOLSYUXHS-UHFFFAOYSA-N,KVRLRWINDMTKLG-UHFFFAOYSA-N,CC(O)N(CC1CCCC1)C(=O)CCCOc1c(F)ccc(C=O)c1[N+](=O)[O-],O=Cc1sc2c(F)cccc2c1Cl
KVRLRWINDMTKLG-UHFFFAOYSA-N,KXJHUNOLSYUXHS-UHFFFAOYSA-N,O=Cc1sc2c(F)cccc2c1Cl,CC(O)N(CC1CCCC1)C(=O)CCCOc1c(F)ccc(C=O)c1[N+](=O)[O-]
NVMPGPIJTQUBRQ-UHFFFAOYSA-N,ZKUCPOQLSHJFLU-UHFFFAOYSA-N,Cc1ccc(N(c2ccc(C=O)cc2)c2ccc3c4c(cccc24)CC3)cc1,COc1ccc(CNc2nc(N)nc(OCC3CCCCC3)c2C=O)cc1
ZKUCPOQLSHJFLU-UHFFFAOYSA-N,NVMPGPIJTQUBRQ-UHFFFAOYSA-N,COc1ccc(CNc2nc(N)nc(OCC3CCCCC3)c2C=O)cc1,Cc1ccc(N(c2ccc(C=O)cc2)c2ccc3c4c(cccc24)CC3)cc1
DBFDSPQZBUTQDD-XFKSJGNHSA-N,GGQWLSPOXZAJGX-UHFFFAOYSA-N,CC(C)c1cc(C=O)c2c(c1O)O[C@@H]1O[C@@H](O)[C@H]3C(C)(C)CCC[C@@]213,O=Cc1ncc(-c2cccc(C(F)(F)F)c2)cc1-c1cccc(C(F)(F)F)c1
GGQWLSPOXZAJGX-UHFFFAOYSA-N,DBFDSPQZBUTQDD-XFKSJGNHSA-N,O=Cc1ncc(-c2cccc(C(F)(F)F)c2)cc1-c1cccc(C(F)(F)F)c1,CC(C)c1cc(C=O)c2c(c1O)O[C@@H]1O[C@@H](O)[C@H]3C(C)(C)CCC[C@@]213
DSTJTQAKRNPWFU-UHFFFAOYSA-N,AEOIZHSEXJLPEA-UHFFFAOYSA-N,O=Cc1ccc(C(F)F)c(CCC(=O)O)c1,CC1(C(N)=O)CC(c2ccc(F)c(Cl)c2)Nc2cnc(C=O)cc21
AEOIZHSEXJLPEA-UHFFFAOYSA-N,DSTJTQAKRNPWFU-UHFFFAOYSA-N,CC1(C(N)=O)CC(c2ccc(F)c(Cl)c2)Nc2cnc(C=O)cc21,O=Cc1ccc(C(F)F)c(CCC(=O)O)c1
AFMBMEWOTDJSQP-UHFFFAOYSA-N,NVTPYRQVYROPPB-UHFFFAOYSA-N,COc1cc2ccsc2c(C=O)c1F,O=Cc1ccnc(OCC(F)F)c1
NVTPYRQVYROPPB-UHFFFAOYSA-N,AFMBMEWOTDJSQP-UHFFFAOYSA-N,O=Cc1ccnc(OCC(F)F)c1,COc1cc2ccsc2c(C=O)c1F
ZKYPGAGIMYIODA-UHFFFAOYSA-N,HTMZFHSINQPJIZ-UHFFFAOYSA-N,O=Cc1ccc(C(=O)O)cc1S(=O)(=O)O,Cc1ccccc1-c1ccc2[nH]cc(C=O)c2c1
HTMZFHSINQPJIZ-UHFFFAOYSA-N,ZKYPGAGIMYIODA-UHFFFAOYSA-N,Cc1ccccc1-c1ccc2[nH]cc(C=O)c2c1,O=Cc1ccc(C(=O)O)cc1S(=O)(=O)O
YEDKSQQTJCMNNN-UHFFFAOYSA-N,LUUBSIRHLTWNGQ-UHFFFAOYSA-N,CC1CN(c2cc(F)cc(C=O)c2)CCCO1,O=Cc1cn(CC(=O)Nc2ccccc2C(F)(F)F)c2ccccc12
LUUBSIRHLTWNGQ-UHFFFAOYSA-N,YEDKSQQTJCMNNN-UHFFFAOYSA-N,O=Cc1cn(CC(=O)Nc2ccccc2C(F)(F)F)c2ccccc12,CC1CN(c2cc(F)cc(C=O)c2)CCCO1
KUQUAZANHVEZTP-UHFFFAOYSA-N,QYDDDTNVUQPMPE-UHFFFAOYSA-N,CCCc1ccc(-c2ccc(-c3ccc(C=O)c(F)c3)c(F)c2)cc1,COc1cc(C(F)F)c(N)c(C=O)n1
QYDDDTNVUQPMPE-UHFFFAOYSA-N,KUQUAZANHVEZTP-UHFFFAOYSA-N,COc1cc(C(F)F)c(N)c(C=O)n1,CCCc1ccc(-c2ccc(-c3ccc(C=O)c(F)c3)c(F)c2)cc1
JLNYVZJIXMULBB-UHFFFAOYSA-N,YZHASECIFLRNPV-SSAZZLEASA-N,O=Cc1ccc(N2CCC(C(=O)N(Cc3ccc([N+](=O)[O-])cc3)C3CC3)CC2)cc1,Cc1cc(Oc2c(C=O)c(C(F)(F)F)nn2C)cc(C)c1C1C(=O)[C@@H]2[C@H](C1=O)[C@H]1CC[C@@H]2O1
YZHASECIFLRNPV-SSAZZLEASA-N,JLNYVZJIXMULBB-UHFFFAOYSA-N,Cc1cc(Oc2c(C=O)c(C(F)(F)F)nn2C)cc(C)c1C1C(=O)[C@@H]2[C@H](C1=O)[C@H]1CC[C@@H]2O1,O=Cc1ccc(N2CCC(C(=O)N(Cc3ccc([N+](=O)[O-])cc3)C3CC3)CC2)cc1
KNDGAAOBWVEIKR-UHFFFAOYSA-N,LEEIJROYIIGPFU-UHFFFAOYSA-N,C[Si](C)(C)c1cc(Br)c(C(F)(F)F)c(C=O)c1F,Nc1cc(C=O)c([N+](=O)[O-])nc1C(F)F
LEEIJROYIIGPFU-UHFFFAOYSA-N,KNDGAAOBWVEIKR-UHFFFAOYSA-N,Nc1cc(C=O)c([N+](=O)[O-])nc1C(F)F,C[Si](C)(C)c1cc(Br)c(C(F)(F)F)c(C=O)c1F
PBUKDCFXXHVVDP-YOWRRBNZSA-N,NHNWAJHYQLFVNL-UHFFFAOYSA-N,CC1(C)[C@@H](Br)CC[C@@]2(C)[C@H]1CC[C@@]1(C)Oc3cc(C=O)c(O)cc3C[C@@H]21,Cc1ncnc(Nc2ccc3c(cnn3Cc3cccc(F)c3)c2)c1C=O
NHNWAJHYQLFVNL-UHFFFAOYSA-N,PBUKDCFXXHVVDP-YOWRRBNZSA-N,Cc1ncnc(Nc2ccc3c(cnn3Cc3cccc(F)c3)c2)c1C=O,CC1(C)[C@@H](Br)CC[C@@]2(C)[C@H]1CC[C@@]1(C)Oc3cc(C=O)c(O)cc3C[C@@H]21
HOKUTAXDALTPRF-UHFFFAOYSA-N,AMMSCUGPDYZXLM-UHFFFAOYSA-N,CC1(C)CN(c2ccc(C=O)cc2F)CCO1,O=Cc1sccc1-c1c(F)cccc1Br
AMMSCUGPDYZXLM-UHFFFAOYSA-N,HOKUTAXDALTPRF-UHFFFAOYSA-N,O=Cc1sccc1-c1c(F)cccc1Br,CC1(C)CN(c2ccc(C=O)cc2F)CCO1
YHQJPXRYRCCAEK-UHFFFAOYSA-N,MHTCBLZAFPXIDX-UHFFFAOYSA-N,O=Cc1ccc(-c2ccc(F)cc2)c([N+](=O)[O-])c1,CCCCCn1nnc(C=O)c1-c1ccc(C(F)(F)F)cc1
MHTCBLZAFPXIDX-UHFFFAOYSA-N,YHQJPXRYRCCAEK-UHFFFAOYSA-N,CCCCCn1nnc(C=O)c1-c1ccc(C(F)(F)F)cc1,O=Cc1ccc(-c2ccc(F)cc2)c([N+](=O)[O-])c1
SUSQSLJQDDGHFT-UHFFFAOYSA-N,YMZIYIPABDRYGK-UHFFFAOYSA-N,COC(=O)c1ccc(-c2nn(C(=O)c3c(C)cccc3Cl)c3cc(C=O)ccc23)c(F)c1,O=Cc1cn(CC(=O)Nc2ccc(F)cc2)cn1
YMZIYIPABDRYGK-UHFFFAOYSA-N,SUSQSLJQDDGHFT-UHFFFAOYSA-N,O=Cc1cn(CC(=O)Nc2ccc(F)cc2)cn1,COC(=O)c1ccc(-c2nn(C(=O)c3c(C)cccc3Cl)c3cc(C=O)ccc23)c(F)c1
JBJBZOUBGMLWEA-UHFFFAOYSA-N,ACCZHYMSOGXQNP-UHFFFAOYSA-N,O=Cc1ccccc1OCC(=O)NC(Cc1cccc(F)c1)c1cccc(F)c1,O=Cc1cnc(F)c(-c2cccc(Cl)c2Cl)c1
ACCZHYMSOGXQNP-UHFFFAOYSA-N,JBJBZOUBGMLWEA-UHFFFAOYSA-N,O=Cc1cnc(F)c(-c2cccc(Cl)c2Cl)c1,O=Cc1ccccc1OCC(=O)NC(Cc1cccc(F)c1)c1cccc(F)c1
HOEMIFLJMACYNB-UHFFFAOYSA-N,LKSDMUFQRPSOCZ-UHFFFAOYSA-N,O=Cc1ccc2ccn(Cc3cc(C(F)(F)F)ccc3C(F)(F)F)c2c1,Nc1cc(F)c(F)cc1-c1cc(C=O)ccn1
LKSDMUFQRPSOCZ-UHFFFAOYSA-N,HOEMIFLJMACYNB-UHFFFAOYSA-N,Nc1cc(F)c(F)cc1-c1cc(C=O)ccn1,O=Cc1ccc2ccn(Cc3cc(C(F)(F)F)ccc3C(F)(F)F)c2c1
WSXIBCRETBRQRW-UHFFFAOYSA-N,AQIRTRONRLCHRX-UHFFFAOYSA-N,N#Cc1cc2cc(C=O)ccc2o1,COCCn1c(Cl)c(C=O)c2cccc(F)c21
AQIRTRONRLCHRX-UHFFFAOYSA-N,WSXIBCRETBRQRW-UHFFFAOYSA-N,COCCn1c(Cl)c(C=O)c2cccc(F)c21,N#Cc1cc2cc(C=O)ccc2o1
YNFCZWUXOROWPC-UHFFFAOYSA-N,XXMDTWIPAQQDDV-UHFFFAOYSA-N,O=Cc1cc(F)ccc1SCC1CCCO1,Cc1oc(-c2ccccc2)nc1CCC(=O)c1ccc(C=O)nc1
XXMDTWIPAQQDDV-UHFFFAOYSA-N,YNFCZWUXOROWPC-UHFFFAOYSA-N,Cc1oc(-c2ccccc2)nc1CCC(=O)c1ccc(C=O)nc1,O=Cc1cc(F)ccc1SCC1CCCO1
RNTGKVWRJOXFMR-UHFFFAOYSA-N,QDVZWHGBRKDZAJ-UHFFFAOYSA-N,O=Cc1cc(F)ccc1N1CCN(c2ccccn2)CC1,O=Cc1c(I)cc(C(F)F)nc1F
QDVZWHGBRKDZAJ-UHFFFAOYSA-N,RNTGKVWRJOXFMR-UHFFFAOYSA-N,O=Cc1c(I)cc(C(F)F)nc1F,O=Cc1cc(F)ccc1N1CCN(c2ccccn2)CC1
RQAANLABWMJVOK-UHFFFAOYSA-N,LHARNADBHUSQEF-UHFFFAOYSA-N,O=Cc1cccc(C(=O)Oc2ccc(C(c3ccc(O)cc3)(C(F)(F)F)C(F)(F)F)cc2)c1,O=Cc1ccc(S(=O)(=O)NCCCC(F)(F)F)o1
LHARNADBHUSQEF-UHFFFAOYSA-N,RQAANLABWMJVOK-UHFFFAOYSA-N,O=Cc1ccc(S(=O)(=O)NCCCC(F)(F)F)o1,O=Cc1cccc(C(=O)Oc2ccc(C(c3ccc(O)cc3)(C(F)(F)F)C(F)(F)F)cc2)c1
NLOGCEUABHNOGR-UHFFFAOYSA-N,RNDLXPAVFHJQQP-UHFFFAOYSA-N,N#Cc1ccc(C=O)c(OS(=O)(=O)CF)c1,N#Cc1ncc(I)c(C(F)F)c1C=O
RNDLXPAVFHJQQP-UHFFFAOYSA-N,NLOGCEUABHNOGR-UHFFFAOYSA-N,N#Cc1ncc(I)c(C(F)F)c1C=O,N#Cc1ccc(C=O)c(OS(=O)(=O)CF)c1
HZPRHASLIUMXLG-UHFFFAOYSA-N,QRWKLUVIBVRXQB-UHFFFAOYSA-N,O=Cc1ccccc1-c1cccc(-n2cnc3cc(-c4ccoc4)cnc32)c1,CC(C)(C)OC(=O)n1c(Br)c(C=O)c2ccccc21
QRWKLUVIBVRXQB-UHFFFAOYSA-N,HZPRHASLIUMXLG-UHFFFAOYSA-N,CC(C)(C)OC(=O)n1c(Br)c(C=O)c2ccccc21,O=Cc1ccccc1-c1cccc(-n2cnc3cc(-c4ccoc4)cnc32)c1
VGSSWRSGUDZTPZ-UHFFFAOYSA-N,WFWPZSVNTSMDIV-UHFFFAOYSA-N,CC(F)(F)C(F)(F)C(F)(F)CCSc1ccc(C=O)c(Br)c1,O=Cc1nnc(CCCCc2ccc(NC(=O)Cc3cccc(OC(F)(F)F)c3)nn2)s1
WFWPZSVNTSMDIV-UHFFFAOYSA-N,VGSSWRSGUDZTPZ-UHFFFAOYSA-N,O=Cc1nnc(CCCCc2ccc(NC(=O)Cc3cccc(OC(F)(F)F)c3)nn2)s1,CC(F)(F)C(F)(F)C(F)(F)CCSc1ccc(C=O)c(Br)c1
IVXCAMJPPIEWPL-UHFFFAOYSA-N,BMYJEFXPGLCOTQ-UHFFFAOYSA-N,O=Cc1ccc(OCC2CCCCO2)c(F)c1,NCCOc1ccc(F)cc1C1CCCN1c1ccn2ncc(C=O)c2n1
BMYJEFXPGLCOTQ-UHFFFAOYSA-N,IVXCAMJPPIEWPL-UHFFFAOYSA-N,NCCOc1ccc(F)cc1C1CCCN1c1ccn2ncc(C=O)c2n1,O=Cc1ccc(OCC2CCCCO2)c(F)c1
URTDXZBKZYDIRZ-UXBLZVDNSA-N,YAEBEAMNQJFGAS-UHFFFAOYSA-N,NC/C(=C/F)CCc1ccc(C=O)cc1F,CCCCc1nc(Cl)c(C=O)n1Cc1ccccc1
YAEBEAMNQJFGAS-UHFFFAOYSA-N,URTDXZBKZYDIRZ-UXBLZVDNSA-N,CCCCc1nc(Cl)c(C=O)n1Cc1ccccc1,NC/C(=C/F)CCc1ccc(C=O)cc1F
ORVKHRNDGSSICU-UHFFFAOYSA-N,FKVIJRPKBQIPBO-UHFFFAOYSA-N,Cc1ccnc(Nc2c(C=O)cccc2-c2ccccc2F)c1[N+](=O)[O-],Cn1c(C2CC23CCN(c2cccc(OCc4ccc(C#N)cc4F)n2)CC3)nc2cc(C=O)oc21
FKVIJRPKBQIPBO-UHFFFAOYSA-N,ORVKHRNDGSSICU-UHFFFAOYSA-N,Cn1c(C2CC23CCN(c2cccc(OCc4ccc(C#N)cc4F)n2)CC3)nc2cc(C=O)oc21,Cc1ccnc(Nc2c(C=O)cccc2-c2ccccc2F)c1[N+](=O)[O-]
KLTDWPQEFAFYEG-UHFFFAOYSA-N,QBMARTBTGPLUBB-UHFFFAOYSA-N,O=Cc1ccc(F)c(C(=O)N2CCC(N(Cc3ccccc3)C(=O)O)C2)c1,Cc1cn2c(s1)c(C=O)c(=O)c1cc(F)c(F)cc12
QBMARTBTGPLUBB-UHFFFAOYSA-N,KLTDWPQEFAFYEG-UHFFFAOYSA-N,Cc1cn2c(s1)c(C=O)c(=O)c1cc(F)c(F)cc12,O=Cc1ccc(F)c(C(=O)N2CCC(N(Cc3ccccc3)C(=O)O)C2)c1
SGEVFJCISZGXRX-UHFFFAOYSA-N,KGRFLECKNDNCHM-UHFFFAOYSA-N,O=Cc1ccc(OCC2Cc3cc(F)ccc3O2)c(F)c1,COc1nc(Br)ccc1C=O
KGRFLECKNDNCHM-UHFFFAOYSA-N,SGEVFJCISZGXRX-UHFFFAOYSA-N,COc1nc(Br)ccc1C=O,O=Cc1ccc(OCC2Cc3cc(F)ccc3O2)c(F)c1
CYCOKLSNAORCFU-UHFFFAOYSA-N,HDQWGGSTKOCCBE-UHFFFAOYSA-N,CCn1c(COc2cc(F)c(C=O)cc2OC)nc2ccccc21,O=Cc1nnn(Cc2cc(C(F)(F)F)cc(C(F)(F)F)c2)c1-c1ccccc1
HDQWGGSTKOCCBE-UHFFFAOYSA-N,CYCOKLSNAORCFU-UHFFFAOYSA-N,O=Cc1nnn(Cc2cc(C(F)(F)F)cc(C(F)(F)F)c2)c1-c1ccccc1,CCn1c(COc2cc(F)c(C=O)cc2OC)nc2ccccc21
XHQUORHNAGGFOP-UHFFFAOYSA-N,NRMONEKLSRYFPV-UHFFFAOYSA-N,COc1ccc(OC)c2cc(C=O)ccc12,CCCCCCCCCCCCCCNc1nc(C=O)ncc1-c1ccc(C(F)(F)F)cc1
NRMONEKLSRYFPV-UHFFFAOYSA-N,XHQUORHNAGGFOP-UHFFFAOYSA-N,CCCCCCCCCCCCCCNc1nc(C=O)ncc1-c1ccc(C(F)(F)F)cc1,COc1ccc(OC)c2cc(C=O)ccc12
SHXWDGKGFHMWKP-UHFFFAOYSA-N,RCGIBWUJDMBNKV-UHFFFAOYSA-N,O=Cc1cccc(Cl)c1OCC(F)(F)c1ccccc1,O=Cc1ccnc(F)c1-c1ccc(OC(F)(F)F)cc1
RCGIBWUJDMBNKV-UHFFFAOYSA-N,SHXWDGKGFHMWKP-UHFFFAOYSA-N,O=Cc1ccnc(F)c1-c1ccc(OC(F)(F)F)cc1,O=Cc1cccc(Cl)c1OCC(F)(F)c1ccccc1
WAZFBANCNPCOEM-UHFFFAOYSA-N,MGIGIYLRSHGUIW-UHFFFAOYSA-N,CCOC(=O)CCCc1cc(F)c(F)c(C=O)c1F,Cc1ccc(S(=O)(=O)n2cc(C3CC3C=O)c3cc(F)c(F)cc32)cc1
MGIGIYLRSHGUIW-UHFFFAOYSA-N,WAZFBANCNPCOEM-UHFFFAOYSA-N,Cc1ccc(S(=O)(=O)n2cc(C3CC3C=O)c3cc(F)c(F)cc32)cc1,CCOC(=O)CCCc1cc(F)c(F)c(C=O)c1F
IBROCXGCVZFGDG-UHFFFAOYSA-N,PQGHXYJZXDURCP-UHFFFAOYSA-N,CCOC(=O)CC=Cc1ccc(C(F)(F)F)cc1C=O,CC(C=O)c1cccc(Oc2ccc(F)cc2)c1
PQGHXYJZXDURCP-UHFFFAOYSA-N,IBROCXGCVZFGDG-UHFFFAOYSA-N,CC(C=O)c1cccc(Oc2ccc(F)cc2)c1,CCOC(=O)CC=Cc1ccc(C(F)(F)F)cc1C=O
AIXRMWFZMJIOAE-UHFFFAOYSA-N,LRBREIWVYONFFR-UHFFFAOYSA-N,COc1cccc2ccc3cccc(C=O)c3c12,Cn1c(CC=O)cc2c(F)cccc21
LRBREIWVYONFFR-UHFFFAOYSA-N,AIXRMWFZMJIOAE-UHFFFAOYSA-N,Cn1c(CC=O)cc2c(F)cccc21,COc1cccc2ccc3cccc(C=O)c3c12
NJCKPHTYGRPUNK-UHFFFAOYSA-N,LYSIUXARTHYLLP-UHFFFAOYSA-N,O=Cc1cc(O)c2c(c1)C(=O)c1cccc(O)c1C2=O,CCCCCCCCC(C=O)(c1ccccc1)C(F)(F)F
LYSIUXARTHYLLP-UHFFFAOYSA-N,NJCKPHTYGRPUNK-UHFFFAOYSA-N,CCCCCCCCC(C=O)(c1ccccc1)C(F)(F)F,O=Cc1cc(O)c2c(c1)C(=O)c1cccc(O)c1C2=O
WUOVLESNFRORAI-UHFFFAOYSA-N,IBURTVNSHFFSIH-NSHDSACASA-N,Cc1cncc(COc2ccc(F)cc2C=O)c1,Cc1ccc([C@@H](C=O)C2CC2)cc1F
IBURTVNSHFFSIH-NSHDSACASA-N,WUOVLESNFRORAI-UHFFFAOYSA-N,Cc1ccc([C@@H](C=O)C2CC2)cc1F,Cc1cncc(COc2ccc(F)cc2C=O)c1
BGARBQVQMJPALC-UHFFFAOYSA-N,XKTYXYJLOIYAPV-GFCCVEGCSA-N,O=Cc1cc(F)ccc1OCC(F)(F)c1ccccc1,CC(C)(C)OC(=O)N[C@H](CC=O)c1ccccc1F
XKTYXYJLOIYAPV-GFCCVEGCSA-N,BGARBQVQMJPALC-UHFFFAOYSA-N,CC(C)(C)OC(=O)N[C@H](CC=O)c1ccccc1F,O=Cc1cc(F)ccc1OCC(F)(F)c1ccccc1
WIXJLVCGPRNAPC-UHFFFAOYSA-N,CVFPGSFHMSWTJO-UHFFFAOYSA-N,Cc1cc(Cl)c(OC(F)F)c(C=O)c1,Cc1ccc(CC(F)C=O)cc1
CVFPGSFHMSWTJO-UHFFFAOYSA-N,WIXJLVCGPRNAPC-UHFFFAOYSA-N,Cc1ccc(CC(F)C=O)cc1,Cc1cc(Cl)c(OC(F)F)c(C=O)c1
QEVUZKGSBISQGA-UHFFFAOYSA-N,AUOFTPXWUVYOOQ-VJBMQPMPSA-N,O=Cc1cc(F)c(I)cc1Br,C/C=C1/CN2CCc3c([nH]c4ccccc34)[C@@H]2C[C@@H]1C(C=O)C(=O)OC
AUOFTPXWUVYOOQ-VJBMQPMPSA-N,QEVUZKGSBISQGA-UHFFFAOYSA-N,C/C=C1/CN2CCc3c([nH]c4ccccc34)[C@@H]2C[C@@H]1C(C=O)C(=O)OC,O=Cc1cc(F)c(I)cc1Br
RFEBXOACIADDAU-BLHCBFLLSA-N,MTJRKNFDEWJONQ-UHFFFAOYSA-N,CCCCC/C=C/C=C/c1ccc(O)c(O)c1C=O,CC(C)(O)c1cc2nc(C3CCC(C=O)CC3)sc2cc1NC(=O)c1ccccc1C(C)(F)F
MTJRKNFDEWJONQ-UHFFFAOYSA-N,RFEBXOACIADDAU-BLHCBFLLSA-N,CC(C)(O)c1cc2nc(C3CCC(C=O)CC3)sc2cc1NC(=O)c1ccccc1C(C)(F)F,CCCCC/C=C/C=C/c1ccc(O)c(O)c1C=O
QXMZXJNHNDIKGY-UHFFFAOYSA-N,IEGAHJZJODNCSI-UHFFFAOYSA-N,CS(=O)(=O)c1ccc(-c2ccccc2C=O)cc1,O=CCCc1cc(=O)oc2c3c4c(cc12)CCCN4CCC3
IEGAHJZJODNCSI-UHFFFAOYSA-N,QXMZXJNHNDIKGY-UHFFFAOYSA-N,O=CCCc1cc(=O)oc2c3c4c(cc12)CCCN4CCC3,CS(=O)(=O)c1ccc(-c2ccccc2C=O)cc1
KKWXCGOSYMIOAS-UHFFFAOYSA-N,ZCBYIAQXEDBIPK-UHFFFAOYSA-N,O=Cc1ccc(C(F)(F)F)cc1N1CC2CC1CN2,Cc1ccc(CC(C)C=O)c(C)c1
ZCBYIAQXEDBIPK-UHFFFAOYSA-N,KKWXCGOSYMIOAS-UHFFFAOYSA-N,Cc1ccc(CC(C)C=O)c(C)c1,O=Cc1ccc(C(F)(F)F)cc1N1CC2CC1CN2
KTCSOYFDWVNOKY-UHFFFAOYSA-N,TVNYKVSEAXYQNR-HHXXYDBFSA-N,O=Cc1cccc(F)c1Oc1cccc2ncccc12,O=C[C@@H]1[C@@H](C(F)(F)F)OC[C@@]1(NC(=O)OCc1ccccc1)c1ccccc1F
TVNYKVSEAXYQNR-HHXXYDBFSA-N,KTCSOYFDWVNOKY-UHFFFAOYSA-N,O=C[C@@H]1[C@@H](C(F)(F)F)OC[C@@]1(NC(=O)OCc1ccccc1)c1ccccc1F,O=Cc1cccc(F)c1Oc1cccc2ncccc12
HWYOWPBJJSAKEK-UHFFFAOYSA-N,ZTCAQOYJWWBZJV-UHFFFAOYSA-N,COC(=O)c1cc(C=O)c(C#N)cc1F,O=CC1CC(c2ccc(F)cc2)CCO1
ZTCAQOYJWWBZJV-UHFFFAOYSA-N,HWYOWPBJJSAKEK-UHFFFAOYSA-N,O=CC1CC(c2ccc(F)cc2)CCO1,COC(=O)c1cc(C=O)c(C#N)cc1F
PWPUOJQPFQXOMU-UHFFFAOYSA-N,PMFVCGBQKRYARY-UHFFFAOYSA-N,CCOC(=O)c1cc(C#N)c(C=O)cc1OC(F)F,O=CCCOc1ccc(C(F)(F)F)cc1[N+](=O)[O-]
PMFVCGBQKRYARY-UHFFFAOYSA-N,PWPUOJQPFQXOMU-UHFFFAOYSA-N,O=CCCOc1ccc(C(F)(F)F)cc1[N+](=O)[O-],CCOC(=O)c1cc(C#N)c(C=O)cc1OC(F)F
DOMZVKWSZQJALY-PLNGDYQASA-N,SMEWGPBLKUOLEA-VIFPVBQESA-N,C/C=C\c1c(C)c(-c2ccc(OC(F)(F)F)cc2)cc(C)c1C=O,O=C[C@@H](Cl)Cc1ccc(C(F)(F)F)cc1
SMEWGPBLKUOLEA-VIFPVBQESA-N,DOMZVKWSZQJALY-PLNGDYQASA-N,O=C[C@@H](Cl)Cc1ccc(C(F)(F)F)cc1,C/C=C\c1c(C)c(-c2ccc(OC(F)(F)F)cc2)cc(C)c1C=O
AHXNHXDQQPSFGN-UHFFFAOYSA-N,SSLVWKLNOBWRJP-UHFFFAOYSA-N,Cc1ccc(C(=O)Nc2ccc(C=O)c(C(F)(F)F)c2)cc1Br,O=CC1(C(O)(Cn2cncn2)c2ccc(Cl)cc2)CC1
SSLVWKLNOBWRJP-UHFFFAOYSA-N,AHXNHXDQQPSFGN-UHFFFAOYSA-N,O=CC1(C(O)(Cn2cncn2)c2ccc(Cl)cc2)CC1,Cc1ccc(C(=O)Nc2ccc(C=O)c(C(F)(F)F)c2)cc1Br
YPRVWBRSKAIXAK-UHFFFAOYSA-N,IFKTXTIJQDZVLX-OSMVPFSASA-N,O=Cc1cc(F)ccc1OCc1ccc2c(c1)CCC2,CO[C@H]([C@H](OC)[C@@H](O)C=O)[C@H](O)CO
IFKTXTIJQDZVLX-OSMVPFSASA-N,YPRVWBRSKAIXAK-UHFFFAOYSA-N,CO[C@H]([C@H](OC)[C@@H](O)C=O)[C@H](O)CO,O=Cc1cc(F)ccc1OCc1ccc2c(c1)CCC2
WIJARVFALYVUSW-UHFFFAOYSA-N,PSQPEPXFGBBWEJ-UHFFFAOYSA-N,O=Cc1ccc(-c2ccc(O)cc2)c(F)c1,CCCC1(C=O)SC(CC)C(c2cc(F)c(OC)c(OC)c2F)=NN1N(C)C
PSQPEPXFGBBWEJ-UHFFFAOYSA-N,WIJARVFALYVUSW-UHFFFAOYSA-N,CCCC1(C=O)SC(CC)C(c2cc(F)c(OC)c(OC)c2F)=NN1N(C)C,O=Cc1ccc(-c2ccc(O)cc2)c(F)c1
JAXDCRXIQPQFLV-UHFFFAOYSA-N,DXKKYJSKQONWPR-XJKSGUPXSA-N,CC1(C)CCN(c2ccc(C=O)cc2C(F)(F)F)C1,CC(C)(C)OC(=O)N[C@@]1(c2ccccc2F)CCO[C@H]1C=O
DXKKYJSKQONWPR-XJKSGUPXSA-N,JAXDCRXIQPQFLV-UHFFFAOYSA-N,CC(C)(C)OC(=O)N[C@@]1(c2ccccc2F)CCO[C@H]1C=O,CC1(C)CCN(c2ccc(C=O)cc2C(F)(F)F)C1
CIKQKXYLCBRCAY-UHFFFAOYSA-N,AIUUOZQMIGYDII-UHFFFAOYSA-N,CCC(NC(=O)COc1ccccc1C=O)c1ccccc1OC(F)F,O=CCc1cc(F)cc(F)c1F
AIUUOZQMIGYDII-UHFFFAOYSA-N,CIKQKXYLCBRCAY-UHFFFAOYSA-N,O=CCc1cc(F)cc(F)c1F,CCC(NC(=O)COc1ccccc1C=O)c1ccccc1OC(F)F
HSDKFUBAWDOUBS-UHFFFAOYSA-N,RALRWPLNFSLAFQ-CQSZACIVSA-N,COc1ccc(-c2ccc(O)c(C=O)c2)cc1F,COCC[C@@](CC=O)(C(=O)OC)c1ccc(F)cc1
RALRWPLNFSLAFQ-CQSZACIVSA-N,HSDKFUBAWDOUBS-UHFFFAOYSA-N,COCC[C@@](CC=O)(C(=O)OC)c1ccc(F)cc1,COc1ccc(-c2ccc(O)c(C=O)c2)cc1F
BRYSVZROQXKUHE-UHFFFAOYSA-N,STIBYVGUKCQRAX-UHFFFAOYSA-N,O=Cc1cc(OCCCCC(=O)O)ccc1[N+](=O)[O-],CC(C)(C=O)CNC(C)(C)C
STIBYVGUKCQRAX-UHFFFAOYSA-N,BRYSVZROQXKUHE-UHFFFAOYSA-N,CC(C)(C=O)CNC(C)(C)C,O=Cc1cc(OCCCCC(=O)O)ccc1[N+](=O)[O-]
WERHYQURLQPXDR-UHFFFAOYSA-N,CNIFTZOEUZNFJX-UHFFFAOYSA-N,O=Cc1ccc(OCCCCCn2cnc3ccccc32)cc1,C=CC(=O)NCCCCC=O
CNIFTZOEUZNFJX-UHFFFAOYSA-N,WERHYQURLQPXDR-UHFFFAOYSA-N,C=CC(=O)NCCCCC=O,O=Cc1ccc(OCCCCCn2cnc3ccccc32)cc1
HTPMQCREKYXQGU-UHFFFAOYSA-N,COPMILBJICBDOE-MHLNXUHPSA-N,COc1cccc(-c2c(C=O)cc3c4c(ccc(OC)c24)C=CC3=O)c1,COC(=O)Cc1[nH]c2ccccc2c1CCN(Cc1ccccc1)[C@H]1C=CC[C@@H](C)[C@@H]1C=O
COPMILBJICBDOE-MHLNXUHPSA-N,HTPMQCREKYXQGU-UHFFFAOYSA-N,COC(=O)Cc1[nH]c2ccccc2c1CCN(Cc1ccccc1)[C@H]1C=CC[C@@H](C)[C@@H]1C=O,COc1cccc(-c2c(C=O)cc3c4c(ccc(OC)c24)C=CC3=O)c1
FJGSVLPROOFMSW-UHFFFAOYSA-N,RIFZZWJHGZGMTH-UHFFFAOYSA-N,CC(=O)NCCC#Cc1ccc(F)cc1C=O,Cc1ccc(C(C)C=O)cc1C(F)(F)F
RIFZZWJHGZGMTH-UHFFFAOYSA-N,FJGSVLPROOFMSW-UHFFFAOYSA-N,Cc1ccc(C(C)C=O)cc1C(F)(F)F,CC(=O)NCCC#Cc1ccc(F)cc1C=O
SUDMLTFATYCMJC-UHFFFAOYSA-N,OCWBTOKATJFGFP-UHFFFAOYSA-N,O=Cc1ccc(F)cc1-c1cscc1Br,Cn1c(COc2cc(C(F)(F)F)ccn2)nnc1C1CCC(C=O)CC1
OCWBTOKATJFGFP-UHFFFAOYSA-N,SUDMLTFATYCMJC-UHFFFAOYSA-N,Cn1c(COc2cc(C(F)(F)F)ccn2)nnc1C1CCC(C=O)CC1,O=Cc1ccc(F)cc1-c1cscc1Br
QEZJJQNRMDUPAD-UHFFFAOYSA-N,PPLUAGUWAQFFFU-JQWIXIFHSA-N,CN(c1ccc(NC(=O)c2cc(F)c(O)c(C=O)c2)cc1)C12CC3CC(CC(C3)C1)C2,C[C@@H](C=O)NC(=O)CNC(=O)[C@@H](N)Cc1ccccc1
PPLUAGUWAQFFFU-JQWIXIFHSA-N,QEZJJQNRMDUPAD-UHFFFAOYSA-N,C[C@@H](C=O)NC(=O)CNC(=O)[C@@H](N)Cc1ccccc1,CN(c1ccc(NC(=O)c2cc(F)c(O)c(C=O)c2)cc1)C12CC3CC(CC(C3)C1)C2
MMWCYEXBJCHBAO-UHFFFAOYSA-N,IIECWERMUFMHTP-KNKQGSTJSA-N,O=Cc1cc(F)ccc1OCCCCCO,Cc1ccc(S(=O)(=O)[C@@H]2[C@@H](c3ccc(F)cc3)[C@]2(C=O)NC(=O)OC(C)(C)C)cc1
IIECWERMUFMHTP-KNKQGSTJSA-N,MMWCYEXBJCHBAO-UHFFFAOYSA-N,Cc1ccc(S(=O)(=O)[C@@H]2[C@@H](c3ccc(F)cc3)[C@]2(C=O)NC(=O)OC(C)(C)C)cc1,O=Cc1cc(F)ccc1OCCCCCO
FCLJGBRQTJISPR-UHFFFAOYSA-N,LLMAYUAHSQIQEX-UHFFFAOYSA-N,O=Cc1ccccc1Oc1cc[n+]([O-])cc1,Cc1cc(C(=O)NCc2ccc(C#N)cc2OCCNCC=O)ccc1F
LLMAYUAHSQIQEX-UHFFFAOYSA-N,FCLJGBRQTJISPR-UHFFFAOYSA-N,Cc1cc(C(=O)NCc2ccc(C#N)cc2OCCNCC=O)ccc1F,O=Cc1ccccc1Oc1cc[n+]([O-])cc1
KBJUYJHOJLRYGD-UHFFFAOYSA-N,SPOMMIQLONEYFA-OEMAIJDKSA-N,Cn1cnnc1-c1cc(F)ccc1-c1cccc(-c2nc3ccc(C=O)cc3s2)c1,Cc1cc(C(F)(F)F)nn1C(C=O)c1nc(C2=NO[C@@H](c3ccccc3)C2)cs1
SPOMMIQLONEYFA-OEMAIJDKSA-N,KBJUYJHOJLRYGD-UHFFFAOYSA-N,Cc1cc(C(F)(F)F)nn1C(C=O)c1nc(C2=NO[C@@H](c3ccccc3)C2)cs1,Cn1cnnc1-c1cc(F)ccc1-c1cccc(-c2nc3ccc(C=O)cc3s2)c1
LHOHMKNRHLHACU-NXVVXOECSA-N,BWLUTZNXLFONMY-UHFFFAOYSA-N,O=Cc1ccccc1/C=C\P(=O)(c1ccccc1)c1ccccc1,NCC(=O)NCCNC(=O)NCC=O
BWLUTZNXLFONMY-UHFFFAOYSA-N,LHOHMKNRHLHACU-NXVVXOECSA-N,NCC(=O)NCCNC(=O)NCC=O,O=Cc1ccccc1/C=C\P(=O)(c1ccccc1)c1ccccc1
KWZSBSHPZJUIJP-UHFFFAOYSA-N,NIZQLLXRTNLFRY-KRWDZBQOSA-N,CC1(C)CCN(c2ccc(F)cc2C=O)CCS1,O=C[C@H](CC(=O)O)NC(=O)CCCCCNC(=O)c1ccc(Nc2cnccn2)cc1
NIZQLLXRTNLFRY-KRWDZBQOSA-N,KWZSBSHPZJUIJP-UHFFFAOYSA-N,O=C[C@H](CC(=O)O)NC(=O)CCCCCNC(=O)c1ccc(Nc2cnccn2)cc1,CC1(C)CCN(c2ccc(F)cc2C=O)CCS1
MZFAHCIDFIIYTA-UHFFFAOYSA-N,QLPIZKKHQJMPRJ-VIFPVBQESA-N,COc1cc(C=O)c(C(C)=O)cc1C(F)(F)F,CCC[C@@H](C=O)n1cccc1
QLPIZKKHQJMPRJ-VIFPVBQESA-N,MZFAHCIDFIIYTA-UHFFFAOYSA-N,CCC[C@@H](C=O)n1cccc1,COc1cc(C=O)c(C(C)=O)cc1C(F)(F)F
NUDKUWPRCLUBNO-UHFFFAOYSA-N,QOLNXXZXCCTECR-IBGZPJMESA-N,O=Cc1ccc(OCOCC2CC2)c(C(F)(F)F)c1,Cc1ccc(CN(C)CC[C@@H](C=O)N2CCN(c3ccc(O)cn3)CC2)cc1F
QOLNXXZXCCTECR-IBGZPJMESA-N,NUDKUWPRCLUBNO-UHFFFAOYSA-N,Cc1ccc(CN(C)CC[C@@H](C=O)N2CCN(c3ccc(O)cn3)CC2)cc1F,O=Cc1ccc(OCOCC2CC2)c(C(F)(F)F)c1
LWUFBZXFJLMBNK-UHFFFAOYSA-N,LRKQPTVXEUHJIV-KOLCDFICSA-N,Cc1ccc(NC(=O)COc2ccc(C=O)cc2F)c(Br)c1,C[C@H]([C@H](CC=O)c1ccccc1)[N+](=O)[O-]
LRKQPTVXEUHJIV-KOLCDFICSA-N,LWUFBZXFJLMBNK-UHFFFAOYSA-N,C[C@H]([C@H](CC=O)c1ccccc1)[N+](=O)[O-],Cc1ccc(NC(=O)COc2ccc(C=O)cc2F)c(Br)c1
XLQYNCZOPOWVPJ-UHFFFAOYSA-N,YAKMSXGRIBIKEO-UHFFFAOYSA-N,CC1(C)OB(c2cc(N)c(F)cc2C=O)OC1(C)C,CC(C=O)N(Nc1c(F)cc(F)cc1Nc1cc(F)cc(F)c1)C(=O)OC(C)(C)C
YAKMSXGRIBIKEO-UHFFFAOYSA-N,XLQYNCZOPOWVPJ-UHFFFAOYSA-N,CC(C=O)N(Nc1c(F)cc(F)cc1Nc1cc(F)cc(F)c1)C(=O)OC(C)(C)C,CC1(C)OB(c2cc(N)c(F)cc2C=O)OC1(C)C
PBLSHPPHTLXUMW-UHFFFAOYSA-N,MKNXEFLFSSONOR-UHFFFAOYSA-N,C=COc1ccc(C=O)cc1,CC(C)C(C=O)C(C)(C)F
MKNXEFLFSSONOR-UHFFFAOYSA-N,PBLSHPPHTLXUMW-UHFFFAOYSA-N,CC(C)C(C=O)C(C)(C)F,C=COc1ccc(C=O)cc1
LUZYQRGHSIKATL-UHFFFAOYSA-N,UVPGDYDKQKVMOL-UHFFFAOYSA-N,O=Cc1ccc(F)c(-c2cccc3cnccc23)c1,O=CC(CBr)c1cc(C(F)(F)F)cc(C(F)(F)F)c1
UVPGDYDKQKVMOL-UHFFFAOYSA-N,LUZYQRGHSIKATL-UHFFFAOYSA-N,O=CC(CBr)c1cc(C(F)(F)F)cc(C(F)(F)F)c1,O=Cc1ccc(F)c(-c2cccc3cnccc23)c1
OSWNWTPNPHSBPJ-UHFFFAOYSA-N,GQTCYHXGLVMUQR-DZGCQCFKSA-N,O=Cc1cccc(F)c1OCc1cncs1,C[C@@H](C=O)[C@@H](COCc1ccccc1)NC(=O)OC(C)(C)C
GQTCYHXGLVMUQR-DZGCQCFKSA-N,OSWNWTPNPHSBPJ-UHFFFAOYSA-N,C[C@@H](C=O)[C@@H](COCc1ccccc1)NC(=O)OC(C)(C)C,O=Cc1cccc(F)c1OCc1cncs1
BOHSBOQZPSYWDM-UHFFFAOYSA-N,QRZDFJPLMQPVSB-UHFFFAOYSA-N,O=Cc1cc(F)c(Cc2c(F)c(F)c(F)c(F)c2OF)c(F)c1F,NC(=O)NNCC=O
QRZDFJPLMQPVSB-UHFFFAOYSA-N,BOHSBOQZPSYWDM-UHFFFAOYSA-N,NC(=O)NNCC=O,O=Cc1cc(F)c(Cc2c(F)c(F)c(F)c(F)c2OF)c(F)c1F
IRMHOHDPAFACBX-UHFFFAOYSA-N,PDUMOEAOLWINBU-UHFFFAOYSA-N,O=Cc1cccc(-c2cc(C(=O)O)ccc2F)c1,O=CCc1ccc(C(=O)c2ccc(F)cc2)c(Br)c1
PDUMOEAOLWINBU-UHFFFAOYSA-N,IRMHOHDPAFACBX-UHFFFAOYSA-N,O=CCc1ccc(C(=O)c2ccc(F)cc2)c(Br)c1,O=Cc1cccc(-c2cc(C(=O)O)ccc2F)c1
GSNHLSZINWSSON-UHFFFAOYSA-N,DJRROTYXZXJXEZ-UHFFFAOYSA-N,CC1CCC(Oc2cccc(F)c2C=O)CC1,O=CC(O)(c1ccccc1)c1ccc(Oc2ccc(F)c(F)c2)cc1
DJRROTYXZXJXEZ-UHFFFAOYSA-N,GSNHLSZINWSSON-UHFFFAOYSA-N,O=CC(O)(c1ccccc1)c1ccc(Oc2ccc(F)c(F)c2)cc1,CC1CCC(Oc2cccc(F)c2C=O)CC1
WLOSCKMYFGMXML-UHFFFAOYSA-N,KURIAXUWQMISAI-UHFFFAOYSA-N,Cc1c(O)c(C=O)c(O)c2c1COC2=O,CCC(C)(O)CCCCCCCC=O
KURIAXUWQMISAI-UHFFFAOYSA-N,WLOSCKMYFGMXML-UHFFFAOYSA-N,CCC(C)(O)CCCCCCCC=O,Cc1c(O)c(C=O)c(O)c2c1COC2=O
ZBZJFGFTJTVCBX-UHFFFAOYSA-N,CQJHXJXMZCEKEG-UHFFFAOYSA-N,O=Cc1ccc2c(c1Cl)C(c1c(F)cccc1F)=NCc1nncn1-2,COc1cccc(CCCCCCCC=O)c1OC
CQJHXJXMZCEKEG-UHFFFAOYSA-N,ZBZJFGFTJTVCBX-UHFFFAOYSA-N,COc1cccc(CCCCCCCC=O)c1OC,O=Cc1ccc2c(c1Cl)C(c1c(F)cccc1F)=NCc1nncn1-2
LQLRQFNANWTSPF-UHFFFAOYSA-N,HBQKERHWQDYYEM-SSDOTTSWSA-N,CCn1nc(-c2ccc(C=O)c(C3CC3)c2)cc1-c1ccc(C(F)(F)F)nc1,CN1CCCC[C@@H]1C=O
HBQKERHWQDYYEM-SSDOTTSWSA-N,LQLRQFNANWTSPF-UHFFFAOYSA-N,CN1CCCC[C@@H]1C=O,CCn1nc(-c2ccc(C=O)c(C3CC3)c2)cc1-c1ccc(C(F)(F)F)nc1
SZSNBKWESSADJV-UHFFFAOYSA-N,WQRIZTMCBRUKNM-UHFFFAOYSA-N,CCOC(=O)COc1ccc2ccccc2c1C=O,Nc1c(CC=O)sc2nc(-c3cccnc3)cc(C(F)F)c12
WQRIZTMCBRUKNM-UHFFFAOYSA-N,SZSNBKWESSADJV-UHFFFAOYSA-N,Nc1c(CC=O)sc2nc(-c3cccnc3)cc(C(F)F)c12,CCOC(=O)COc1ccc2ccccc2c1C=O
PIJUKCOJKQTBOT-UHFFFAOYSA-N,XDOHXUWFRDZAHQ-UHFFFAOYSA-N,CCn1cc(-c2cc(C=O)ccc2F)c(C)n1,CN(C)C(=O)COc1ccc(C#N)c(-c2cc(C(C=O)c3ccccc3)ccc2Cl)c1F
XDOHXUWFRDZAHQ-UHFFFAOYSA-N,PIJUKCOJKQTBOT-UHFFFAOYSA-N,CN(C)C(=O)COc1ccc(C#N)c(-c2cc(C(C=O)c3ccccc3)ccc2Cl)c1F,CCn1cc(-c2cc(C=O)ccc2F)c(C)n1
NNRIDTGDDCVBDR-UHFFFAOYSA-N,FHOYSLMKXDXCEC-UHFFFAOYSA-N,O=Cc1c(F)cccc1Sc1ccncc1,CCCCC1CN(c2ccc(F)cc2)c2cc(SC)c(OCC3(C=O)CC3)cc2SN1C
FHOYSLMKXDXCEC-UHFFFAOYSA-N,NNRIDTGDDCVBDR-UHFFFAOYSA-N,CCCCC1CN(c2ccc(F)cc2)c2cc(SC)c(OCC3(C=O)CC3)cc2SN1C,O=Cc1c(F)cccc1Sc1ccncc1
WDTPGRADUUAQIE-OFVILXPXSA-N,YTKFFNMNKYFMDM-UHFFFAOYSA-N,O=Cc1cc(Oc2ccc3c(c2)C[C@@H](N(C[C@H](O)c2cccc(Cl)c2)C(=O)O)CC3)ccc1F,O=CC1CCC(n2cc3cc(NC(=O)c4cccc(C(F)(F)F)n4)c(N4CCC4)cc3n2)CC1
YTKFFNMNKYFMDM-UHFFFAOYSA-N,WDTPGRADUUAQIE-OFVILXPXSA-N,O=CC1CCC(n2cc3cc(NC(=O)c4cccc(C(F)(F)F)n4)c(N4CCC4)cc3n2)CC1,O=Cc1cc(Oc2ccc3c(c2)C[C@@H](N(C[C@H](O)c2cccc(Cl)c2)C(=O)O)CC3)ccc1F
KWRMXIJBBZPKKL-UHFFFAOYSA-N,ZGEQNCPAUXRVCN-CGAIIQECSA-N,O=Cc1cccc(Cl)c1OCc1cncc(F)c1,O=CCC1=NN2c3cc(F)ccc3OCC2[C@@]1(CCCN1CC(F)C1)c1ccccc1
ZGEQNCPAUXRVCN-CGAIIQECSA-N,KWRMXIJBBZPKKL-UHFFFAOYSA-N,O=CCC1=NN2c3cc(F)ccc3OCC2[C@@]1(CCCN1CC(F)C1)c1ccccc1,O=Cc1cccc(Cl)c1OCc1cncc(F)c1
SZHNEDLAROLBKU-UHFFFAOYSA-N,RJCWBUMCOQQVDG-UHFFFAOYSA-N,CC#Cc1cccc(Oc2c(C=O)c(C(F)F)nn2C)c1,Cc1ccc2ccccc2c1Cc1c(C=O)[nH]c(=S)[nH]c1=O
RJCWBUMCOQQVDG-UHFFFAOYSA-N,SZHNEDLAROLBKU-UHFFFAOYSA-N,Cc1ccc2ccccc2c1Cc1c(C=O)[nH]c(=S)[nH]c1=O,CC#Cc1cccc(Oc2c(C=O)c(C(F)F)nn2C)c1
VXSNVDLHISHLRF-UHFFFAOYSA-N,ZYBFDMVDJCIZDO-UHFFFAOYSA-N,CCCCSc1sc2ccccc2c1-c1c(C=O)sc2ccccc12,Cc1cc(C(F)(F)F)c(C=O)c(C)n1
ZYBFDMVDJCIZDO-UHFFFAOYSA-N,VXSNVDLHISHLRF-UHFFFAOYSA-N,Cc1cc(C(F)(F)F)c(C=O)c(C)n1,CCCCSc1sc2ccccc2c1-c1c(C=O)sc2ccccc12
KKTORDRBAIKOFU-UHFFFAOYSA-N,DXLUWNMNLUSNRE-UHFFFAOYSA-N,CN(Cc1ccccc1)S(=O)(=O)c1ccc2[nH]cc(C=O)c2c1,O=Cc1cnn(-c2cnn3ccc(N4CCCC4c4cc(F)ccc4F)nc23)c1
DXLUWNMNLUSNRE-UHFFFAOYSA-N,KKTORDRBAIKOFU-UHFFFAOYSA-N,O=Cc1cnn(-c2cnn3ccc(N4CCCC4c4cc(F)ccc4F)nc23)c1,CN(Cc1ccccc1)S(=O)(=O)c1ccc2[nH]cc(C=O)c2c1
ICMLCOHZXHCKEM-UHFFFAOYSA-N,UBNBMGNXZMYNBZ-UHFFFAOYSA-N,Cc1ccc(-c2nn(-c3cccc(Cl)c3)c(N)c2C=O)cc1,O=Cc1c(Cl)n(Cc2ccc(F)cc2)c2c(F)cccc12
UBNBMGNXZMYNBZ-UHFFFAOYSA-N,ICMLCOHZXHCKEM-UHFFFAOYSA-N,O=Cc1c(Cl)n(Cc2ccc(F)cc2)c2c(F)cccc12,Cc1ccc(-c2nn(-c3cccc(Cl)c3)c(N)c2C=O)cc1
BTZQFNSRYVAKOP-UHFFFAOYSA-N,JPHAZJVAQAXWJJ-UHFFFAOYSA-N,COC(=O)c1ccc2c(c1)c(C=O)cn2-c1ccc(F)cc1,O=Cc1c(-c2ccc(Cl)cc2)nc2scc(-c3ccc(F)cc3)n12
JPHAZJVAQAXWJJ-UHFFFAOYSA-N,BTZQFNSRYVAKOP-UHFFFAOYSA-N,O=Cc1c(-c2ccc(Cl)cc2)nc2scc(-c3ccc(F)cc3)n12,COC(=O)c1ccc2c(c1)c(C=O)cn2-c1ccc(F)cc1
QQENFNCFPSEFJK-UHFFFAOYSA-N,OKCGNSVDRRCCNX-UHFFFAOYSA-N,COc1nc(C=O)c(CCl)cc1OC(F)(F)F,O=Cc1ccc(-c2ccc(Br)c(Cl)c2F)o1
OKCGNSVDRRCCNX-UHFFFAOYSA-N,QQENFNCFPSEFJK-UHFFFAOYSA-N,O=Cc1ccc(-c2ccc(Br)c(Cl)c2F)o1,COc1nc(C=O)c(CCl)cc1OC(F)(F)F
GDJSOOVZLQCCIY-UHFFFAOYSA-N,PNWZXWWCUUHLEL-UHFFFAOYSA-N,CCOC(=O)c1c(C=O)oc2c(C)cc(OC(=O)c3cccs3)c(Br)c12,O=Cc1ccc(Sc2nc3cc(Cl)c(F)cc3[nH]2)o1
PNWZXWWCUUHLEL-UHFFFAOYSA-N,GDJSOOVZLQCCIY-UHFFFAOYSA-N,O=Cc1ccc(Sc2nc3cc(Cl)c(F)cc3[nH]2)o1,CCOC(=O)c1c(C=O)oc2c(C)cc(OC(=O)c3cccs3)c(Br)c12
USNJAPMVAFWTNS-UHFFFAOYSA-N,AMCFAWWRYNUKRE-UHFFFAOYSA-N,O=Cc1c(C(F)F)cnc(Br)c1I,CCCC1(Cn2cc(C(=O)NCc3c(F)cc(F)cc3F)c(=O)c(O)c2C=O)CCCN1C
AMCFAWWRYNUKRE-UHFFFAOYSA-N,USNJAPMVAFWTNS-UHFFFAOYSA-N,CCCC1(Cn2cc(C(=O)NCc3c(F)cc(F)cc3F)c(=O)c(O)c2C=O)CCCN1C,O=Cc1c(C(F)F)cnc(Br)c1I
RQFGXCZOASHBSJ-UHFFFAOYSA-N,QQISADUEOJTYKX-UHFFFAOYSA-N,O=Cc1cc(OC(F)(F)F)c(CBr)c(C(F)(F)F)n1,O=Cc1cc(Br)c(C#Cc2ccccc2)o1
QQISADUEOJTYKX-UHFFFAOYSA-N,RQFGXCZOASHBSJ-UHFFFAOYSA-N,O=Cc1cc(Br)c(C#Cc2ccccc2)o1,O=Cc1cc(OC(F)(F)F)c(CBr)c(C(F)(F)F)n1
GRNGQQVPUIGQGJ-UHFFFAOYSA-N,DYWWWDIUNPDQLM-UHFFFAOYSA-N,O=Cc1cc(-c2cc(Cl)c(Cl)cc2Cl)ncc1C(F)(F)F,O=Cc1c[nH]c2ccncc12
DYWWWDIUNPDQLM-UHFFFAOYSA-N,GRNGQQVPUIGQGJ-UHFFFAOYSA-N,O=Cc1c[nH]c2ccncc12,O=Cc1cc(-c2cc(Cl)c(Cl)cc2Cl)ncc1C(F)(F)F
YIRVSMGLMINZSQ-UHFFFAOYSA-N,YHFKIOHWVZCIQL-UHFFFAOYSA-N,N#Cc1ccc(-n2c(C=O)cnc2C(F)(F)Br)cc1,CC1Nc2cc(Cc3ccc(F)cc3)c(C=O)nc2OC1N1CCC1O[Si](C)(C)C(C)(C)C
YHFKIOHWVZCIQL-UHFFFAOYSA-N,YIRVSMGLMINZSQ-UHFFFAOYSA-N,CC1Nc2cc(Cc3ccc(F)cc3)c(C=O)nc2OC1N1CCC1O[Si](C)(C)C(C)(C)C,N#Cc1ccc(-n2c(C=O)cnc2C(F)(F)Br)cc1
CCEOCZYRAXHLPU-UHFFFAOYSA-N,DUWCOGUSPMQZQU-UHFFFAOYSA-N,Cc1nc(Cl)c(C=O)c(NCc2ccccc2F)n1,Nc1ncnc(OCc2ccc(F)cc2)c1C=O
DUWCOGUSPMQZQU-UHFFFAOYSA-N,CCEOCZYRAXHLPU-UHFFFAOYSA-N,Nc1ncnc(OCc2ccc(F)cc2)c1C=O,Cc1nc(Cl)c(C=O)c(NCc2ccccc2F)n1
GWWYHTGAGIWWDM-UHFFFAOYSA-N,SQEIAQASDHAMKN-UHFFFAOYSA-N,O=Cc1c(NCCc2ccc(F)cc2)c2ccccc2[nH]c1=O,NCc1nc(C=O)c(C(F)F)cc1Cl
SQEIAQASDHAMKN-UHFFFAOYSA-N,GWWYHTGAGIWWDM-UHFFFAOYSA-N,NCc1nc(C=O)c(C(F)F)cc1Cl,O=Cc1c(NCCc2ccc(F)cc2)c2ccccc2[nH]c1=O
DEQALIRGIRJDFE-UHFFFAOYSA-N,ZYEIUKRZDSXRLE-UHFFFAOYSA-N,COc1nc(OC(F)(F)F)cc(C=O)c1C,O=Cc1cnc(C(F)F)c(F)c1I
ZYEIUKRZDSXRLE-UHFFFAOYSA-N,DEQALIRGIRJDFE-UHFFFAOYSA-N,O=Cc1cnc(C(F)F)c(F)c1I,COc1nc(OC(F)(F)F)cc(C=O)c1C
LWQNRJVHJCJDGL-UHFFFAOYSA-N,COSCXJBDPUBZTD-UHFFFAOYSA-N,Cc1c(C=O)c2ccccc2n1CCN(C)C,Cc1ncc(-c2cnc3[nH]cc(C=O)c3c2-c2c(F)ccc(N)c2F)cn1
COSCXJBDPUBZTD-UHFFFAOYSA-N,LWQNRJVHJCJDGL-UHFFFAOYSA-N,Cc1ncc(-c2cnc3[nH]cc(C=O)c3c2-c2c(F)ccc(N)c2F)cn1,Cc1c(C=O)c2ccccc2n1CCN(C)C
AQXMWOIKPCSOLR-UHFFFAOYSA-N,PDKVQHCURXAMGM-UHFFFAOYSA-N,CCOC(=O)c1c(C=O)c2ccccc2n1C(CC)C(=O)OCC,O=Cc1ccc(F)c(C(F)(F)F)n1
PDKVQHCURXAMGM-UHFFFAOYSA-N,AQXMWOIKPCSOLR-UHFFFAOYSA-N,O=Cc1ccc(F)c(C(F)(F)F)n1,CCOC(=O)c1c(C=O)c2ccccc2n1C(CC)C(=O)OCC
RZVOGWQTTXJDAB-UHFFFAOYSA-N,LYDNDFQSNQATFV-UHFFFAOYSA-N,COc1cnc(C=O)cc1OC1CCOC1,COc1nccc(-c2cc(C)ccc2F)c1C=O
LYDNDFQSNQATFV-UHFFFAOYSA-N,RZVOGWQTTXJDAB-UHFFFAOYSA-N,COc1nccc(-c2cc(C)ccc2F)c1C=O,COc1cnc(C=O)cc1OC1CCOC1
GOXGYTZHMVJEJG-UHFFFAOYSA-N,HLBNOPAPROBRPD-UHFFFAOYSA-N,O=Cc1cn(COCC(F)(F)F)c2ccccc12,O=Cc1cc(-c2ccccc2F)n(S(=O)(=O)c2cnccc2Cl)c1
HLBNOPAPROBRPD-UHFFFAOYSA-N,GOXGYTZHMVJEJG-UHFFFAOYSA-N,O=Cc1cc(-c2ccccc2F)n(S(=O)(=O)c2cnccc2Cl)c1,O=Cc1cn(COCC(F)(F)F)c2ccccc12
SEYRYFQSIFDPET-UHFFFAOYSA-N,AOHIQWIMAJZCET-UHFFFAOYSA-N,COc1nn(C)c(C=O)c1C(F)(F)F,O=Cc1c(SCc2ccc(Cl)cc2)nc2sccn12
AOHIQWIMAJZCET-UHFFFAOYSA-N,SEYRYFQSIFDPET-UHFFFAOYSA-N,O=Cc1c(SCc2ccc(Cl)cc2)nc2sccn12,COc1nn(C)c(C=O)c1C(F)(F)F
DVHZTPBKYQRNOE-UHFFFAOYSA-N,REJMPJQAPXCOJF-UHFFFAOYSA-N,COc1ccc2c(c1)CCc1c(C=O)cn(S(=O)(=O)c3cccc(F)c3)c1-2,O=Cc1c(-c2cc(F)c(F)cc2F)[nH]c2c(F)cccc12
REJMPJQAPXCOJF-UHFFFAOYSA-N,DVHZTPBKYQRNOE-UHFFFAOYSA-N,O=Cc1c(-c2cc(F)c(F)cc2F)[nH]c2c(F)cccc12,COc1ccc2c(c1)CCc1c(C=O)cn(S(=O)(=O)c3cccc(F)c3)c1-2
JFLKHTKRKCTKMK-UHFFFAOYSA-N,JWENHGPPYVEZEF-UHFFFAOYSA-N,O=Cc1cc(F)cc([N+](=O)[O-])n1,CC(C)c1cccc2c(C=O)c(-c3ccc(F)c(F)c3)[nH]c12
JWENHGPPYVEZEF-UHFFFAOYSA-N,JFLKHTKRKCTKMK-UHFFFAOYSA-N,CC(C)c1cccc2c(C=O)c(-c3ccc(F)c(F)c3)[nH]c12,O=Cc1cc(F)cc([N+](=O)[O-])n1
WNJYVGIHLXGSGZ-UHFFFAOYSA-N,FUPQCCOFSYBXSM-UHFFFAOYSA-N,Cc1cnn(-c2ccc(C(F)(F)F)cc2-c2ccc(C=O)o2)c1,COc1ccc2sc3nc(C=O)cn3c2c1
FUPQCCOFSYBXSM-UHFFFAOYSA-N,WNJYVGIHLXGSGZ-UHFFFAOYSA-N,COc1ccc2sc3nc(C=O)cn3c2c1,Cc1cnn(-c2ccc(C(F)(F)F)cc2-c2ccc(C=O)o2)c1
WKYBCTQDIZOMJE-UHFFFAOYSA-N,KKSLWIQAXJQHAN-UHFFFAOYSA-N,CC(C)(Cn1ncc(Br)c1C=O)O[Si](C)(C)C(C)(C)C,O=Cc1cnn2c1COCC2
KKSLWIQAXJQHAN-UHFFFAOYSA-N,WKYBCTQDIZOMJE-UHFFFAOYSA-N,O=Cc1cnn2c1COCC2,CC(C)(Cn1ncc(Br)c1C=O)O[Si](C)(C)C(C)(C)C
RKHLWKQBMZUXJF-UHFFFAOYSA-N,UIUIAQNKTVOVFY-UHFFFAOYSA-N,O=Cc1ncc(-c2c(F)c(F)c(F)c(F)c2F)cc1F,CC1C2CC(N(C)C(Cn3cc(C(=O)NCc4ccc(F)cc4F)c(=O)c(O)c3C=O)O2)C1(F)F
UIUIAQNKTVOVFY-UHFFFAOYSA-N,RKHLWKQBMZUXJF-UHFFFAOYSA-N,CC1C2CC(N(C)C(Cn3cc(C(=O)NCc4ccc(F)cc4F)c(=O)c(O)c3C=O)O2)C1(F)F,O=Cc1ncc(-c2c(F)c(F)c(F)c(F)c2F)cc1F
WYUFKQUCPURMOJ-UHFFFAOYSA-N,JPDXKFWQRUSQCS-UHFFFAOYSA-N,Cc1ccc(-n2nnc(C=O)c2-c2ccc(F)cc2)cc1Cl,CCS(=O)(=O)c1cc(C=O)cnc1-c1ccn2nc(C(F)(F)F)cc2n1
JPDXKFWQRUSQCS-UHFFFAOYSA-N,WYUFKQUCPURMOJ-UHFFFAOYSA-N,CCS(=O)(=O)c1cc(C=O)cnc1-c1ccn2nc(C(F)(F)F)cc2n1,Cc1ccc(-n2nnc(C=O)c2-c2ccc(F)cc2)cc1Cl
FHQUOOICWZJJJC-UHFFFAOYSA-N,NPQXUOFCUUCBQY-UHFFFAOYSA-N,O=Cc1coc(Cc2cccc(C(F)(F)F)c2)n1,O=Cc1cc(Cl)ncc1-c1cc(F)c(N2CCCC2=O)cc1F
NPQXUOFCUUCBQY-UHFFFAOYSA-N,FHQUOOICWZJJJC-UHFFFAOYSA-N,O=Cc1cc(Cl)ncc1-c1cc(F)c(N2CCCC2=O)cc1F,O=Cc1coc(Cc2cccc(C(F)(F)F)c2)n1
DZKLTCMAYKHZDU-UHFFFAOYSA-N,OULPHKNPUILLFJ-UHFFFAOYSA-N,CCCCc1nc(Br)c(C=O)n1Cc1ccc(C(=O)OC)c(F)c1F,CC(C)(C)OC(=O)N(Cc1ccc(F)cc1)c1ccc(C=O)c(F)n1
OULPHKNPUILLFJ-UHFFFAOYSA-N,DZKLTCMAYKHZDU-UHFFFAOYSA-N,CC(C)(C)OC(=O)N(Cc1ccc(F)cc1)c1ccc(C=O)c(F)n1,CCCCc1nc(Br)c(C=O)n1Cc1ccc(C(=O)OC)c(F)c1F
KDERBDJQCCZQEG-UHFFFAOYSA-N,YIRBZPNMDQECJX-UHFFFAOYSA-N,O=Cc1nn(-c2ccc(F)cc2F)c2c1CSCC2c1cccc(F)c1,Cc1cc(C=O)c(C)n1-c1ccc(O)cc1
YIRBZPNMDQECJX-UHFFFAOYSA-N,KDERBDJQCCZQEG-UHFFFAOYSA-N,Cc1cc(C=O)c(C)n1-c1ccc(O)cc1,O=Cc1nn(-c2ccc(F)cc2F)c2c1CSCC2c1cccc(F)c1
KYBIFDWWYRYXEU-UHFFFAOYSA-N,AYWFMERVJDICFE-UHFFFAOYSA-N,CNc1nc(Nc2ccc(I)cc2)nc(Cl)c1C=O,O=Cc1ccc2ccnn2c1
AYWFMERVJDICFE-UHFFFAOYSA-N,KYBIFDWWYRYXEU-UHFFFAOYSA-N,O=Cc1ccc2ccnn2c1,CNc1nc(Nc2ccc(I)cc2)nc(Cl)c1C=O
GVXIBZQFRFSERN-UHFFFAOYSA-N,DHPPXMXBVNDJTQ-UHFFFAOYSA-N,Cn1cc2c(n1)CCC(c1c(-c3ccc(C#N)c(F)c3)cc(C=O)n1CCO)=C2,Cc1c(C=O)[nH]c2c(F)cc(Cl)cc12
DHPPXMXBVNDJTQ-UHFFFAOYSA-N,GVXIBZQFRFSERN-UHFFFAOYSA-N,Cc1c(C=O)[nH]c2c(F)cc(Cl)cc12,Cn1cc2c(n1)CCC(c1c(-c3ccc(C#N)c(F)c3)cc(C=O)n1CCO)=C2
LPDPJYKIMHMOGD-UHFFFAOYSA-N,NEENUQOFMIWPOF-UHFFFAOYSA-N,Cc1cccc(-c2sccc2C=O)c1F,O=Cc1c(NCc2cccc(F)c2)c2ccccc2[nH]c1=O
NEENUQOFMIWPOF-UHFFFAOYSA-N,LPDPJYKIMHMOGD-UHFFFAOYSA-N,O=Cc1c(NCc2cccc(F)c2)c2ccccc2[nH]c1=O,Cc1cccc(-c2sccc2C=O)c1F
CIMNRDPTJIJOEV-UHFFFAOYSA-N,RWPNBGVQEDAQDL-UHFFFAOYSA-N,CC(C)(C)c1cn(Cc2ccc(C=O)o2)nn1,COC(=O)c1[nH]c2cc(OC)cc(OC)c2c1C=O
RWPNBGVQEDAQDL-UHFFFAOYSA-N,CIMNRDPTJIJOEV-UHFFFAOYSA-N,COC(=O)c1[nH]c2cc(OC)cc(OC)c2c1C=O,CC(C)(C)c1cn(Cc2ccc(C=O)o2)nn1
DMWVWTDZQOLLSJ-UHFFFAOYSA-N,LOMUETVVOJORNB-UHFFFAOYSA-N,COc1cc(C(F)F)nc(F)c1C=O,COc1cc(C=O)nc(C(F)(F)F)c1
LOMUETVVOJORNB-UHFFFAOYSA-N,DMWVWTDZQOLLSJ-UHFFFAOYSA-N,COc1cc(C=O)nc(C(F)(F)F)c1,COc1cc(C(F)F)nc(F)c1C=O
SWCKHMLRNFNHDL-UHFFFAOYSA-N,PDVBAOWYRZDFKH-UHFFFAOYSA-N,Nc1c(C=O)c(=O)[nH]c(=O)n1CCc1ccccc1,O=Cc1nc(F)ccc1-c1ccc(OC(F)(F)F)cc1
PDVBAOWYRZDFKH-UHFFFAOYSA-N,SWCKHMLRNFNHDL-UHFFFAOYSA-N,O=Cc1nc(F)ccc1-c1ccc(OC(F)(F)F)cc1,Nc1c(C=O)c(=O)[nH]c(=O)n1CCc1ccccc1
ZFWLOLVIHVFKSK-UHFFFAOYSA-N,LTNYTDSPAZPYSE-UHFFFAOYSA-N,O=Cc1cn(-c2ccc(F)cc2)nc1-c1cscc1Br,O=Cc1c(-c2cccc(C(F)(F)F)c2)[nH]c2c(F)cccc12
LTNYTDSPAZPYSE-UHFFFAOYSA-N,ZFWLOLVIHVFKSK-UHFFFAOYSA-N,O=Cc1c(-c2cccc(C(F)(F)F)c2)[nH]c2c(F)cccc12,O=Cc1cn(-c2ccc(F)cc2)nc1-c1cscc1Br
DBRSRSJXNOETKX-UHFFFAOYSA-N,WNJFYIZTIRMQNV-UHFFFAOYSA-N,Nc1nc(C=O)ccc1C(F)(F)F,O=Cc1nocc1-c1ccc(C(F)(F)F)cc1
WNJFYIZTIRMQNV-UHFFFAOYSA-N,DBRSRSJXNOETKX-UHFFFAOYSA-N,O=Cc1nocc1-c1ccc(C(F)(F)F)cc1,Nc1nc(C=O)ccc1C(F)(F)F
GXUAJHRERVBIQQ-UHFFFAOYSA-N,MWDMYAPDTHUVKV-UHFFFAOYSA-N,O=Cc1cc(-c2cccc(F)c2F)ncc1-c1cccc(F)c1F,O=Cc1cc(-c2cc(Cl)ccc2OC(F)F)no1
MWDMYAPDTHUVKV-UHFFFAOYSA-N,GXUAJHRERVBIQQ-UHFFFAOYSA-N,O=Cc1cc(-c2cc(Cl)ccc2OC(F)F)no1,O=Cc1cc(-c2cccc(F)c2F)ncc1-c1cccc(F)c1F
HLHGWWKGIQXCKA-UHFFFAOYSA-N,ITWLCJINEYSYMU-UHFFFAOYSA-N,CNc1ncccc1C=O,N#Cc1c(OC(F)(F)F)cnc(N)c1C=O
ITWLCJINEYSYMU-UHFFFAOYSA-N,HLHGWWKGIQXCKA-UHFFFAOYSA-N,N#Cc1c(OC(F)(F)F)cnc(N)c1C=O,CNc1ncccc1C=O
QYULQJQTTBRMJD-UHFFFAOYSA-N,VTORAORIJRXMRT-UHFFFAOYSA-N,O=Cc1cc(N2CCCC2)nc(C(F)(F)F)n1,CC(=O)N1CCN(c2cc(-n3ccc(C=O)n3)nc(NC3CCC(F)(F)CC3)n2)CC1
VTORAORIJRXMRT-UHFFFAOYSA-N,QYULQJQTTBRMJD-UHFFFAOYSA-N,CC(=O)N1CCN(c2cc(-n3ccc(C=O)n3)nc(NC3CCC(F)(F)CC3)n2)CC1,O=Cc1cc(N2CCCC2)nc(C(F)(F)F)n1
IETRZXCTCCBKSO-UHFFFAOYSA-N,FZSYGNWFWSHZCM-UHFFFAOYSA-N,CCOC(=O)c1[nH]c2ccc(F)cc2c1C=O,CN(CN(c1c(C=O)cnc2[nH]ccc12)C1CCCCC1)CC(F)(F)F
FZSYGNWFWSHZCM-UHFFFAOYSA-N,IETRZXCTCCBKSO-UHFFFAOYSA-N,CN(CN(c1c(C=O)cnc2[nH]ccc12)C1CCCCC1)CC(F)(F)F,CCOC(=O)c1[nH]c2ccc(F)cc2c1C=O
HHYXBEFEMIBUAV-UHFFFAOYSA-N,JRPOYOATNUSVBR-UHFFFAOYSA-N,CN(c1cccc(F)c1)c1[nH]c2ccccc2c1C=O,N#Cc1cc(Cl)c(F)cc1-c1ccc(C=O)o1
JRPOYOATNUSVBR-UHFFFAOYSA-N,HHYXBEFEMIBUAV-UHFFFAOYSA-N,N#Cc1cc(Cl)c(F)cc1-c1ccc(C=O)o1,CN(c1cccc(F)c1)c1[nH]c2ccccc2c1C=O
GOBZYYQXXHDYMG-UHFFFAOYSA-N,AJECBXZYQLSDNC-UHFFFAOYSA-N,O=Cc1nc(Cl)c(C(F)F)cc1C(F)(F)F,O=Cc1nc2ncn(SF)c2cc1Br
AJECBXZYQLSDNC-UHFFFAOYSA-N,GOBZYYQXXHDYMG-UHFFFAOYSA-N,O=Cc1nc2ncn(SF)c2cc1Br,O=Cc1nc(Cl)c(C(F)F)cc1C(F)(F)F
NSDADMYSBLXAID-UHFFFAOYSA-N,UVJSZAAUOFNPPG-UHFFFAOYSA-N,Cc1cn(-c2cc(F)ccc2C(=O)O)nc1C=O,Cc1cc(C=O)ncn1
UVJSZAAUOFNPPG-UHFFFAOYSA-N,NSDADMYSBLXAID-UHFFFAOYSA-N,Cc1cc(C=O)ncn1,Cc1cn(-c2cc(F)ccc2C(=O)O)nc1C=O
GMJLTVLMPGJATB-UHFFFAOYSA-N,UILVTXVTPGXUFF-UHFFFAOYSA-N,CNc1nc(-c2cn(S(=O)(=O)c3ccc(C)cc3)c3ncc(F)cc23)nn2cc(C=O)cc12,Cc1ncc(C=O)cc1F
UILVTXVTPGXUFF-UHFFFAOYSA-N,GMJLTVLMPGJATB-UHFFFAOYSA-N,Cc1ncc(C=O)cc1F,CNc1nc(-c2cn(S(=O)(=O)c3ccc(C)cc3)c3ncc(F)cc23)nn2cc(C=O)cc12
UTNBXYZSLCXYFN-UHFFFAOYSA-N,WBKJHMOITIGENR-UHFFFAOYSA-N,O=Cc1ccc(-c2cc(F)ccc2-n2nc(C(F)(F)F)c3c2CCCC3)o1,C=CCC(C)c1nn(-c2ccc(F)cc2F)cc1C=O
WBKJHMOITIGENR-UHFFFAOYSA-N,UTNBXYZSLCXYFN-UHFFFAOYSA-N,C=CCC(C)c1nn(-c2ccc(F)cc2F)cc1C=O,O=Cc1ccc(-c2cc(F)ccc2-n2nc(C(F)(F)F)c3c2CCCC3)o1
DVIBAVWVHAJYFJ-UHFFFAOYSA-N,HKEDBWZFCSHGQL-UHFFFAOYSA-N,O=Cc1c[nH]c2cc3c(cc12)C(=O)c1ccccc1C3=O,Cc1ncc(C=O)n1-c1ccc(Br)cc1
HKEDBWZFCSHGQL-UHFFFAOYSA-N,DVIBAVWVHAJYFJ-UHFFFAOYSA-N,Cc1ncc(C=O)n1-c1ccc(Br)cc1,O=Cc1c[nH]c2cc3c(cc12)C(=O)c1ccccc1C3=O
CQBMLMRPWKPCQP-UHFFFAOYSA-N,HIDAERAKVUSKAA-UHFFFAOYSA-N,CC(C)(C)OC(=O)N1CCC(Oc2ccc(-c3ccc(C=O)o3)cc2F)CC1,CCOc1cncc(C=O)c1
HIDAERAKVUSKAA-UHFFFAOYSA-N,CQBMLMRPWKPCQP-UHFFFAOYSA-N,CCOc1cncc(C=O)c1,CC(C)(C)OC(=O)N1CCC(Oc2ccc(-c3ccc(C=O)o3)cc2F)CC1
YLGJJYPDIBXCHN-UHFFFAOYSA-N,NOXBCTFTGMVWKQ-UHFFFAOYSA-N,CCn1c(Sc2ccc(C=O)o2)nnc1-c1ccccc1,O=Cc1cnc(-c2cc(Cl)cc(Cl)c2Cl)c(F)c1
NOXBCTFTGMVWKQ-UHFFFAOYSA-N,YLGJJYPDIBXCHN-UHFFFAOYSA-N,O=Cc1cnc(-c2cc(Cl)cc(Cl)c2Cl)c(F)c1,CCn1c(Sc2ccc(C=O)o2)nnc1-c1ccccc1
SILYJZSKTMNDSU-UHFFFAOYSA-N,HYQWKINERDAWPQ-UHFFFAOYSA-N,CC(=O)C(C)(C)n1nc(-c2cccc(OC(F)F)c2)c2ncc(C=O)cc21,CCCCc1nn(CC(F)(F)F)c(C=O)c1Cc1ccc(-c2ccccc2-c2nn[nH]n2)cc1
HYQWKINERDAWPQ-UHFFFAOYSA-N,SILYJZSKTMNDSU-UHFFFAOYSA-N,CCCCc1nn(CC(F)(F)F)c(C=O)c1Cc1ccc(-c2ccccc2-c2nn[nH]n2)cc1,CC(=O)C(C)(C)n1nc(-c2cccc(OC(F)F)c2)c2ncc(C=O)cc21
OTSVJVJKJKWJIM-UHFFFAOYSA-N,RUSGOYZIEBVYFJ-UHFFFAOYSA-N,COc1cncc(C=O)c1F,Cc1cc(-n2c(C)cc(C=O)c2C)ccc1I
RUSGOYZIEBVYFJ-UHFFFAOYSA-N,OTSVJVJKJKWJIM-UHFFFAOYSA-N,Cc1cc(-n2c(C)cc(C=O)c2C)ccc1I,COc1cncc(C=O)c1F
XKDGBTAYUATEOQ-UHFFFAOYSA-N,IZGBSZGTBVFORW-UHFFFAOYSA-N,O=Cc1cc(Br)c[se]1,CC(=O)c1ccccc1CCCC=O
IZGBSZGTBVFORW-UHFFFAOYSA-N,XKDGBTAYUATEOQ-UHFFFAOYSA-N,CC(=O)c1ccccc1CCCC=O,O=Cc1cc(Br)c[se]1
BKKWVYYEZMOPIG-UHFFFAOYSA-N,UQUGODFMEBBVGG-UHFFFAOYSA-N,O=Cc1ncccc1OCC1=C(c2ccccc2F)CCCC1,CC(=O)SCC(C=O)Cc1ccc(F)c(F)c1
UQUGODFMEBBVGG-UHFFFAOYSA-N,BKKWVYYEZMOPIG-UHFFFAOYSA-N,CC(=O)SCC(C=O)Cc1ccc(F)c(F)c1,O=Cc1ncccc1OCC1=C(c2ccccc2F)CCCC1
FTSUCGQYYYOIOW-UHFFFAOYSA-N,PZPJVTRHUVWUDE-YFKXAPIDSA-N,C=CCOC(=O)Nc1cc(C=O)ccn1,CC1=C(NN(C(=O)O)C(C)C=O)S[C@@H](c2ccnc(C)c2)N1c1ccc(F)cc1
PZPJVTRHUVWUDE-YFKXAPIDSA-N,FTSUCGQYYYOIOW-UHFFFAOYSA-N,CC1=C(NN(C(=O)O)C(C)C=O)S[C@@H](c2ccnc(C)c2)N1c1ccc(F)cc1,C=CCOC(=O)Nc1cc(C=O)ccn1
RXRYZXLXJUPEEW-UHFFFAOYSA-N,RCUPUZVBTHUMSM-SCPLRKQGSA-N,O=Cc1[nH]c(=O)c(C(F)F)cc1I,CNCC(C=O)C1CCc2c(C)cc(OCc3ccccc3F)c(C)c2[C@@H]1OC
RCUPUZVBTHUMSM-SCPLRKQGSA-N,RXRYZXLXJUPEEW-UHFFFAOYSA-N,CNCC(C=O)C1CCc2c(C)cc(OCc3ccccc3F)c(C)c2[C@@H]1OC,O=Cc1[nH]c(=O)c(C(F)F)cc1I
CKZDPGZUVBLQSL-UHFFFAOYSA-N,OOIYUNODYWRIGP-UHFFFAOYSA-N,O=Cc1cc2ccc(O)cc2oc1=O,Cc1cccc(OCC=O)c1F
OOIYUNODYWRIGP-UHFFFAOYSA-N,CKZDPGZUVBLQSL-UHFFFAOYSA-N,Cc1cccc(OCC=O)c1F,O=Cc1cc2ccc(O)cc2oc1=O
LKCCOUFIAXBZJF-UHFFFAOYSA-N,RDBHBASWWFBNSZ-INHVJJQHSA-N,CC(C)(C)c1nn(-c2ccc(C(F)(F)F)cc2)c(Cl)c1C=O,C[C@H](CO)NC(C=O)C(=O)c1cc(C(=O)Nc2ccc(F)c(C(F)(F)F)c2)n(C)c1
RDBHBASWWFBNSZ-INHVJJQHSA-N,LKCCOUFIAXBZJF-UHFFFAOYSA-N,C[C@H](CO)NC(C=O)C(=O)c1cc(C(=O)Nc2ccc(F)c(C(F)(F)F)c2)n(C)c1,CC(C)(C)c1nn(-c2ccc(C(F)(F)F)cc2)c(Cl)c1C=O
ISFIKORZIPLRDI-UHFFFAOYSA-N,FEPPPGDBMYQTCY-UHFFFAOYSA-N,Cn1c2ccc(F)cc2n2cc(C=O)nc12,O=CCCCc1ccncc1F
FEPPPGDBMYQTCY-UHFFFAOYSA-N,ISFIKORZIPLRDI-UHFFFAOYSA-N,O=CCCCc1ccncc1F,Cn1c2ccc(F)cc2n2cc(C=O)nc12
JFVKWHHCVXZYJK-UHFFFAOYSA-N,UOBWOGLWGXKHAZ-UHFFFAOYSA-N,O=Cc1cc(=O)n(-c2ccc(Cl)cc2)c(C2CCC(C(F)(F)F)CC2)n1,CC(C)(CC=O)SCc1ccccc1
UOBWOGLWGXKHAZ-UHFFFAOYSA-N,JFVKWHHCVXZYJK-UHFFFAOYSA-N,CC(C)(CC=O)SCc1ccccc1,O=Cc1cc(=O)n(-c2ccc(Cl)cc2)c(C2CCC(C(F)(F)F)CC2)n1
XDWJQVCCPGWTSR-UHFFFAOYSA-N,XTYAXJSXJWVVFZ-JTQLQIEISA-N,Cc1ccc(-c2nc3scc(-c4ccc(F)cc4)n3c2C=O)cc1,O=C[C@H](CC(=O)O)NC(=O)c1cc(CNS(=O)(=O)c2ccc(O)c(C(=O)O)c2)cs1
XTYAXJSXJWVVFZ-JTQLQIEISA-N,XDWJQVCCPGWTSR-UHFFFAOYSA-N,O=C[C@H](CC(=O)O)NC(=O)c1cc(CNS(=O)(=O)c2ccc(O)c(C(=O)O)c2)cs1,Cc1ccc(-c2nc3scc(-c4ccc(F)cc4)n3c2C=O)cc1
QIYLYZINWJULDI-UHFFFAOYSA-N,KELNMTNGRYBQQU-UHFFFAOYSA-N,O=Cc1c(I)cc(CBr)nc1C(F)F,CC(C)OC(F)(C=O)C(F)(F)F
KELNMTNGRYBQQU-UHFFFAOYSA-N,QIYLYZINWJULDI-UHFFFAOYSA-N,CC(C)OC(F)(C=O)C(F)(F)F,O=Cc1c(I)cc(CBr)nc1C(F)F
ICMHHHVASVLFAN-UHFFFAOYSA-N,VMHCAWQZKIWDEK-UHFFFAOYSA-N,Cc1cc(F)ccc1-n1cc(C=O)c(-c2ccc(Br)o2)n1,COC(C=O)(CBr)c1ccc(C(F)(F)F)cc1
VMHCAWQZKIWDEK-UHFFFAOYSA-N,ICMHHHVASVLFAN-UHFFFAOYSA-N,COC(C=O)(CBr)c1ccc(C(F)(F)F)cc1,Cc1cc(F)ccc1-n1cc(C=O)c(-c2ccc(Br)o2)n1
OZRGOVDIRZMXKN-UHFFFAOYSA-N,POOQCHBVFZPCGQ-UHFFFAOYSA-N,O=Cc1c(I)[nH]c2ccccc12,CC(C)(NN(CC=O)C(=O)O)c1cccc(Cl)c1F
POOQCHBVFZPCGQ-UHFFFAOYSA-N,OZRGOVDIRZMXKN-UHFFFAOYSA-N,CC(C)(NN(CC=O)C(=O)O)c1cccc(Cl)c1F,O=Cc1c(I)[nH]c2ccccc12
XJGUPSSAWOMOAW-UHFFFAOYSA-N,SZXXCARQWAJCFR-UHFFFAOYSA-N,O=Cc1csc(-c2ccc(C(F)F)cc2)n1,CCOC1=C(CC=O)C(=O)CC(C)(C)C1
SZXXCARQWAJCFR-UHFFFAOYSA-N,XJGUPSSAWOMOAW-UHFFFAOYSA-N,CCOC1=C(CC=O)C(=O)CC(C)(C)C1,O=Cc1csc(-c2ccc(C(F)F)cc2)n1
LTYWIFUVTSLSIL-UHFFFAOYSA-N,QLAPMLUCWAWIDB-UHFFFAOYSA-N,O=Cc1ccc(-c2cc(F)cc(Br)c2OC(F)F)o1,NCc1cc(Cl)ccc1OC(C=O)N1C2CCC1CC(Cc1ccc(F)cc1)C2
QLAPMLUCWAWIDB-UHFFFAOYSA-N,LTYWIFUVTSLSIL-UHFFFAOYSA-N,NCc1cc(Cl)ccc1OC(C=O)N1C2CCC1CC(Cc1ccc(F)cc1)C2,O=Cc1ccc(-c2cc(F)cc(Br)c2OC(F)F)o1
PMQMPGAURJPXKS-MYYSRTQBSA-N,GINUJYZEMXGGKW-ZIRAPXTMSA-N,C[C@@H]1CCC[C@@](C)(Cn2cc(C(=O)NCc3ccc(F)cc3F)c(=O)c(O)c2C=O)N(C)C1,C[C@]12CC[C@H]3C(CCC4(O)CC(O)CC[C@]34C=O)C1=CC[C@H]2c1ccc(=O)oc1
GINUJYZEMXGGKW-ZIRAPXTMSA-N,PMQMPGAURJPXKS-MYYSRTQBSA-N,C[C@]12CC[C@H]3C(CCC4(O)CC(O)CC[C@]34C=O)C1=CC[C@H]2c1ccc(=O)oc1,C[C@@H]1CCC[C@@](C)(Cn2cc(C(=O)NCc3ccc(F)cc3F)c(=O)c(O)c2C=O)N(C)C1
JONOIWLLAYFTTM-UHFFFAOYSA-N,YUJGDFFBUIAWMK-UHFFFAOYSA-N,O=Cc1csc2cc(O)cc(F)c12,O=CCCCOC(=O)COc1ccc(Cl)cc1Cl
YUJGDFFBUIAWMK-UHFFFAOYSA-N,JONOIWLLAYFTTM-UHFFFAOYSA-N,O=CCCCOC(=O)COc1ccc(Cl)cc1Cl,O=Cc1csc2cc(O)cc(F)c12
SERPDSQWFDEXHJ-UHFFFAOYSA-N,XNIXGNJNEZQVTA-UEJVZZJDSA-N,COc1nc(OC)c(C=O)s1,C[C@@H](COCC1CC1C=O)Nc1cn[nH]c(=O)c1C(F)(F)F
XNIXGNJNEZQVTA-UEJVZZJDSA-N,SERPDSQWFDEXHJ-UHFFFAOYSA-N,C[C@@H](COCC1CC1C=O)Nc1cn[nH]c(=O)c1C(F)(F)F,COc1nc(OC)c(C=O)s1
SUVKFUGSFGXCER-UHFFFAOYSA-N,TVFTWQDCSBIGAI-WMCAAGNKSA-N,CCN(CC)c1ccc2c(c1)oc(=O)c1cc(C=O)oc12,CCC(C)c1ccc(Oc2ccccc2S(=O)(=O)N[C@H](C=O)CC(=O)O)cc1C
TVFTWQDCSBIGAI-WMCAAGNKSA-N,SUVKFUGSFGXCER-UHFFFAOYSA-N,CCC(C)c1ccc(Oc2ccccc2S(=O)(=O)N[C@H](C=O)CC(=O)O)cc1C,CCN(CC)c1ccc2c(c1)oc(=O)c1cc(C=O)oc12
DLSZBFBYKHQQID-UHFFFAOYSA-N,QYVZXPMLXDJQCO-UHFFFAOYSA-N,CCOC(=O)CCCOc1c(F)cc(-c2ccc(C=O)s2)cc1F,CCOC(C=O)Oc1cc(-n2nc(C)c(Cl)c2C)c(F)cc1Cl
QYVZXPMLXDJQCO-UHFFFAOYSA-N,DLSZBFBYKHQQID-UHFFFAOYSA-N,CCOC(C=O)Oc1cc(-n2nc(C)c(Cl)c2C)c(F)cc1Cl,CCOC(=O)CCCOc1c(F)cc(-c2ccc(C=O)s2)cc1F
GHWLUZOUDISBCD-UHFFFAOYSA-N,MOTPHWRLPNZDJI-GJZGRUSLSA-N,Cc1ccc(OCc2ccc(F)cc2)c(C=O)n1,CC(=O)[C@H](C(=O)OC(C)(C)C)[C@@H](CC=O)c1cccc(C(F)(F)F)c1
MOTPHWRLPNZDJI-GJZGRUSLSA-N,GHWLUZOUDISBCD-UHFFFAOYSA-N,CC(=O)[C@H](C(=O)OC(C)(C)C)[C@@H](CC=O)c1cccc(C(F)(F)F)c1,Cc1ccc(OCc2ccc(F)cc2)c(C=O)n1
SJBBZIGORLMVTH-UHFFFAOYSA-N,UCCHTCHLQCUFCM-UHFFFAOYSA-N,COc1cc(C=O)nc(CN)c1C(F)F,O=CCCc1ccccc1N1CCCCCCCC1
UCCHTCHLQCUFCM-UHFFFAOYSA-N,SJBBZIGORLMVTH-UHFFFAOYSA-N,O=CCCc1ccccc1N1CCCCCCCC1,COc1cc(C=O)nc(CN)c1C(F)F
PNAHIMZBXHKIQV-UHFFFAOYSA-N,FKNQDOWMUQZWPA-HNNXBMFYSA-N,O=Cc1cnc(CCC(F)(F)F)nc1C(=O)O,O=CCc1cc2c(cc1Cl)[C@@](C=CC1CC1)(C(F)(F)F)NC(=O)N2
FKNQDOWMUQZWPA-HNNXBMFYSA-N,PNAHIMZBXHKIQV-UHFFFAOYSA-N,O=CCc1cc2c(cc1Cl)[C@@](C=CC1CC1)(C(F)(F)F)NC(=O)N2,O=Cc1cnc(CCC(F)(F)F)nc1C(=O)O
RFVPUMSXKRRFNK-UHFFFAOYSA-N,IULGTIFVJIORTE-TZHYSIJRSA-N,CCOc1ccccc1-c1ccc(C=O)o1,O=CC[C@H](CCOCc1ccccc1)OC1CCCCO1
IULGTIFVJIORTE-TZHYSIJRSA-N,RFVPUMSXKRRFNK-UHFFFAOYSA-N,O=CC[C@H](CCOCc1ccccc1)OC1CCCCO1,CCOc1ccccc1-c1ccc(C=O)o1
RLRSKWCNRUZCHG-UHFFFAOYSA-N,HABKMSHCOKTPAT-UHFFFAOYSA-N,CS(=O)(=O)c1ccc(-c2c(C=O)oc(=O)n2-c2ccc(F)cc2)cc1,CCOc1nc(OC(C=O)OF)ncc1F
HABKMSHCOKTPAT-UHFFFAOYSA-N,RLRSKWCNRUZCHG-UHFFFAOYSA-N,CCOc1nc(OC(C=O)OF)ncc1F,CS(=O)(=O)c1ccc(-c2c(C=O)oc(=O)n2-c2ccc(F)cc2)cc1
IUHDYYVEVQTODM-UHFFFAOYSA-N,HYWZMEXMFWWEGG-UHFFFAOYSA-N,CNCc1cccc(F)c1-n1cc(C=O)c(C)n1,CC(C)(C)OC(=O)N1CC(O)(c2ccc(C(F)(C(F)(F)F)C(F)(F)F)cc2)CC1C=O
HYWZMEXMFWWEGG-UHFFFAOYSA-N,IUHDYYVEVQTODM-UHFFFAOYSA-N,CC(C)(C)OC(=O)N1CC(O)(c2ccc(C(F)(C(F)(F)F)C(F)(F)F)cc2)CC1C=O,CNCc1cccc(F)c1-n1cc(C=O)c(C)n1
DMADCYGPWYTVBJ-UHFFFAOYSA-N,HFJPTIFUTBIXHW-TUSQITKMSA-N,CCc1cc2c(cc1F)cc(C=O)n2S(=O)(=O)c1ccccc1,C=C[C@@]1(C=O)N(C(=O)OCc2ccccc2)C(=O)[C@H](CCOCc2ccccc2)[C@]1(C)O
HFJPTIFUTBIXHW-TUSQITKMSA-N,DMADCYGPWYTVBJ-UHFFFAOYSA-N,C=C[C@@]1(C=O)N(C(=O)OCc2ccccc2)C(=O)[C@H](CCOCc2ccccc2)[C@]1(C)O,CCc1cc2c(cc1F)cc(C=O)n2S(=O)(=O)c1ccccc1
JWBHQXFSLVKRLA-UHFFFAOYSA-N,YFVZSQHYQNVICQ-UHFFFAOYSA-N,CCc1cnc(CN(Cc2cc(C=O)cc(C)n2)C(=O)OC(C)(C)C)n1Cc1ccc(F)cc1,COCC(C=O)C(=O)c1cc(-c2cn(C(=O)OC(C)(C)C)c3cc(F)ccc23)co1
YFVZSQHYQNVICQ-UHFFFAOYSA-N,JWBHQXFSLVKRLA-UHFFFAOYSA-N,COCC(C=O)C(=O)c1cc(-c2cn(C(=O)OC(C)(C)C)c3cc(F)ccc23)co1,CCc1cnc(CN(Cc2cc(C=O)cc(C)n2)C(=O)OC(C)(C)C)n1Cc1ccc(F)cc1
OPFVFEBPDILHMI-UHFFFAOYSA-N,GIGRNKURTGNICE-HIIPCUOOSA-N,C[Si](C)(C)c1cc(C=O)c(C(F)(F)F)s1,O=CC1CC(O)[C@H](SCC(O)COc2ccc(F)cc2)[C@H]1CCCCCCC(=O)O
GIGRNKURTGNICE-HIIPCUOOSA-N,OPFVFEBPDILHMI-UHFFFAOYSA-N,O=CC1CC(O)[C@H](SCC(O)COc2ccc(F)cc2)[C@H]1CCCCCCC(=O)O,C[Si](C)(C)c1cc(C=O)c(C(F)(F)F)s1
YHLBIETYPKOOHK-UHFFFAOYSA-N,YRWWASCQQJGZOO-UHFFFAOYSA-N,O=Cc1cc(-c2cccc(F)c2F)cnc1-c1cccc(F)c1F,CC(CC=O)c1c(-c2ccccc2)n(C)c2ccccc12
YRWWASCQQJGZOO-UHFFFAOYSA-N,YHLBIETYPKOOHK-UHFFFAOYSA-N,CC(CC=O)c1c(-c2ccccc2)n(C)c2ccccc12,O=Cc1cc(-c2cccc(F)c2F)cnc1-c1cccc(F)c1F
MCJYMRAWMLPKCQ-UHFFFAOYSA-N,WQTFZKAGISIZKL-UHFFFAOYSA-N,O=Cc1cc(-c2ccccc2F)n(P)c1,Cc1cc(C2(C=O)CCN(C(=O)OC(C)(C)C)C2)ccc1F
WQTFZKAGISIZKL-UHFFFAOYSA-N,MCJYMRAWMLPKCQ-UHFFFAOYSA-N,Cc1cc(C2(C=O)CCN(C(=O)OC(C)(C)C)C2)ccc1F,O=Cc1cc(-c2ccccc2F)n(P)c1
VXWAFFKYYPGUPG-UHFFFAOYSA-N,SRHMIFSAKOFAQT-UHFFFAOYSA-N,COC(=O)c1cc(C(=O)OC)cc(-n2c(C)cc(C=O)c2C)c1,CC(C)(C)OC(=O)Nc1cc(C(F)(F)F)ccc1CCC=O
SRHMIFSAKOFAQT-UHFFFAOYSA-N,VXWAFFKYYPGUPG-UHFFFAOYSA-N,CC(C)(C)OC(=O)Nc1cc(C(F)(F)F)ccc1CCC=O,COC(=O)c1cc(C(=O)OC)cc(-n2c(C)cc(C=O)c2C)c1
SELURJXPHGVLMI-UHFFFAOYSA-N,ZHEZMZLOHXLJOE-UHFFFAOYSA-N,CCOC(=O)c1cc(C=O)cnc1Br,O=CCC=Cc1cc(F)ccc1Br
ZHEZMZLOHXLJOE-UHFFFAOYSA-N,SELURJXPHGVLMI-UHFFFAOYSA-N,O=CCC=Cc1cc(F)ccc1Br,CCOC(=O)c1cc(C=O)cnc1Br
QBJRHRRRHXBGLG-UHFFFAOYSA-N,BACFTJKEXDBESE-UHFFFAOYSA-N,CCS(=O)(=O)c1cc(C=O)cnc1-c1nc2cc(C(F)(F)F)cnc2n1C,O=CC(C(=O)Nc1cccc(-c2ccccc2)c1)N1CCN(C(=O)c2ccccc2C(F)(F)F)CC1
BACFTJKEXDBESE-UHFFFAOYSA-N,QBJRHRRRHXBGLG-UHFFFAOYSA-N,O=CC(C(=O)Nc1cccc(-c2ccccc2)c1)N1CCN(C(=O)c2ccccc2C(F)(F)F)CC1,CCS(=O)(=O)c1cc(C=O)cnc1-c1nc2cc(C(F)(F)F)cnc2n1C
BULXNIIWOLGVSP-UHFFFAOYSA-N,AIFMOGRCORUJMF-UHFFFAOYSA-N,O=Cc1ccc(-c2cccc(C(F)(F)F)c2)c(F)n1,O=CCCc1c(F)cc2cc[nH]c2c1F
AIFMOGRCORUJMF-UHFFFAOYSA-N,BULXNIIWOLGVSP-UHFFFAOYSA-N,O=CCCc1c(F)cc2cc[nH]c2c1F,O=Cc1ccc(-c2cccc(C(F)(F)F)c2)c(F)n1
HCSGYQSOOMGPFP-UHFFFAOYSA-N,QCVDURLIMJEQEO-UHFFFAOYSA-N,CCOC(=O)c1cc(C=O)cc(C(=O)OCC)n1,O=CCc1cccc(Cc2cccc(C(F)(F)F)c2)c1
QCVDURLIMJEQEO-UHFFFAOYSA-N,HCSGYQSOOMGPFP-UHFFFAOYSA-N,O=CCc1cccc(Cc2cccc(C(F)(F)F)c2)c1,CCOC(=O)c1cc(C=O)cc(C(=O)OCC)n1
WWEIWWOBTOWVGI-UHFFFAOYSA-N,WRWNOFKPGNTZSL-UHFFFAOYSA-N,Cc1c(Br)cc(C=O)nc1F,COC1=C(C)CC(C)(CC=O)C=C1
WRWNOFKPGNTZSL-UHFFFAOYSA-N,WWEIWWOBTOWVGI-UHFFFAOYSA-N,COC1=C(C)CC(C)(CC=O)C=C1,Cc1c(Br)cc(C=O)nc1F
FKYXIIXBSQTLFL-UHFFFAOYSA-N,RJIYGZXSIJOCHS-UHFFFAOYSA-N,O=Cc1nc(-c2ccccc2F)no1,CCc1cc(OCC=C(Cl)Cl)cc(CC)c1OCCOCCC=O
RJIYGZXSIJOCHS-UHFFFAOYSA-N,FKYXIIXBSQTLFL-UHFFFAOYSA-N,CCc1cc(OCC=C(Cl)Cl)cc(CC)c1OCCOCCC=O,O=Cc1nc(-c2ccccc2F)no1
SKGYCTACQWXEQV-UHFFFAOYSA-N,KLSPGGJWVKYRAQ-UHFFFAOYSA-N,Cc1oc(NC(C)(C)C)c(-c2ccccc2)c1C=O,CC(C)(C)OC(=O)NC(C=O)c1ccc(F)c(C(F)(F)F)c1
KLSPGGJWVKYRAQ-UHFFFAOYSA-N,SKGYCTACQWXEQV-UHFFFAOYSA-N,CC(C)(C)OC(=O)NC(C=O)c1ccc(F)c(C(F)(F)F)c1,Cc1oc(NC(C)(C)C)c(-c2ccccc2)c1C=O
LUAQHOIIXDJUOY-UHFFFAOYSA-N,BXVVAMOQZPHFTL-GLGOKHISSA-N,O=Cc1coc2ccc(F)cc12,O=CC1N[C@]2(CCCc3c2ccc(Br)c3F)CO1
BXVVAMOQZPHFTL-GLGOKHISSA-N,LUAQHOIIXDJUOY-UHFFFAOYSA-N,O=CC1N[C@]2(CCCc3c2ccc(Br)c3F)CO1,O=Cc1coc2ccc(F)cc12
SLXADOZLNNSGAD-UHFFFAOYSA-N,FIWQMHFVHRHYNW-UVLXDEKHSA-N,Cc1cn2cc(C(F)(F)F)cc(C=O)c2n1,C[C@@H]1C[C@H](C)[C@@H](Sc2ccccc2)O[C@H]1C=O
FIWQMHFVHRHYNW-UVLXDEKHSA-N,SLXADOZLNNSGAD-UHFFFAOYSA-N,C[C@@H]1C[C@H](C)[C@@H](Sc2ccccc2)O[C@H]1C=O,Cc1cn2cc(C(F)(F)F)cc(C=O)c2n1
CSTHFZRSWLWLJV-UHFFFAOYSA-N,SFRHPTHSWKXDNY-UHFFFAOYSA-N,CC(=O)Nc1cc(Nc2cc(C)nc(C(C)(F)F)n2)c(-c2cc(C=O)[nH]n2)cn1,CC(C)(C=O)Cc1cc(F)ccc1Cl
SFRHPTHSWKXDNY-UHFFFAOYSA-N,CSTHFZRSWLWLJV-UHFFFAOYSA-N,CC(C)(C=O)Cc1cc(F)ccc1Cl,CC(=O)Nc1cc(Nc2cc(C)nc(C(C)(F)F)n2)c(-c2cc(C=O)[nH]n2)cn1
IQZJLRNLRLWHNN-UHFFFAOYSA-N,YHKSJNJQEFVXCW-UHFFFAOYSA-N,O=Cc1cn(-c2ccc(F)cc2F)cn1,COc1cc(F)ccc1C(C=O)N(C)C(=O)OC(C)(C)C
YHKSJNJQEFVXCW-UHFFFAOYSA-N,IQZJLRNLRLWHNN-UHFFFAOYSA-N,COc1cc(F)ccc1C(C=O)N(C)C(=O)OC(C)(C)C,O=Cc1cn(-c2ccc(F)cc2F)cn1
ZUVZRSWLRTVFLQ-UHFFFAOYSA-N,STTHGMDNIRTDSP-UHFFFAOYSA-N,COc1ccc(-c2csc(C=O)c2)cc1CNC(=O)c1ccc(Cl)cc1F,CN1CCC2OC(=O)N(C)C2(CC=O)C1
STTHGMDNIRTDSP-UHFFFAOYSA-N,ZUVZRSWLRTVFLQ-UHFFFAOYSA-N,CN1CCC2OC(=O)N(C)C2(CC=O)C1,COc1ccc(-c2csc(C=O)c2)cc1CNC(=O)c1ccc(Cl)cc1F
VGISYEWIPSVIIK-UHFFFAOYSA-N,XZDTVDCSUUOBGA-UHFFFAOYSA-N,O=Cc1ccc(-c2cc(OCC(F)(F)F)cc(OCC(F)(F)F)c2)o1,COC(C)(CC=O)c1cccc(C(F)(F)F)c1
XZDTVDCSUUOBGA-UHFFFAOYSA-N,VGISYEWIPSVIIK-UHFFFAOYSA-N,COC(C)(CC=O)c1cccc(C(F)(F)F)c1,O=Cc1ccc(-c2cc(OCC(F)(F)F)cc(OCC(F)(F)F)c2)o1
LZNKSFXGDVDVEL-UHFFFAOYSA-N,ZXSSSWWHLGSVBV-UHFFFAOYSA-N,O=Cc1nc(N=C2CC(C3CC3)NN2)c2cc(F)ccc2n1,CC(C)(C)OC(=O)N(CC=O)N1CC2CN(Cc3ccc(F)cc3F)CC2C1
ZXSSSWWHLGSVBV-UHFFFAOYSA-N,LZNKSFXGDVDVEL-UHFFFAOYSA-N,CC(C)(C)OC(=O)N(CC=O)N1CC2CN(Cc3ccc(F)cc3F)CC2C1,O=Cc1nc(N=C2CC(C3CC3)NN2)c2cc(F)ccc2n1
OIYNMUVDHWGIDO-UHFFFAOYSA-N,LPYVZYKXZGUIOR-UHFFFAOYSA-N,CCOC(=O)c1c(C=O)c2ccccc2n1Cc1cccc(C(F)(F)F)c1,O=CCn1cnc2[nH]cc(-c3cnc(Cl)c(C(F)(F)F)c3)c2c1=O
LPYVZYKXZGUIOR-UHFFFAOYSA-N,OIYNMUVDHWGIDO-UHFFFAOYSA-N,O=CCn1cnc2[nH]cc(-c3cnc(Cl)c(C(F)(F)F)c3)c2c1=O,CCOC(=O)c1c(C=O)c2ccccc2n1Cc1cccc(C(F)(F)F)c1
IINZRIDOVJSJTQ-UHFFFAOYSA-N,PUZHISOVXPUAPP-JHSIELHPSA-N,O=Cc1cnn(-c2ccc(Cl)c(F)c2)c1,CN1C(=O)[C@H]2c3c(cccc31)[C@H]1[C@H](O)[C@H](C[C@@H](Cl)[C@@]1(C)C=O)C2(C)C
PUZHISOVXPUAPP-JHSIELHPSA-N,IINZRIDOVJSJTQ-UHFFFAOYSA-N,CN1C(=O)[C@H]2c3c(cccc31)[C@H]1[C@H](O)[C@H](C[C@@H](Cl)[C@@]1(C)C=O)C2(C)C,O=Cc1cnn(-c2ccc(Cl)c(F)c2)c1
KCTMWUFWTVVDOB-UHFFFAOYSA-N,PTVNXOBSLBUVSV-XPCCGILXSA-N,NCc1c(N)cc(C(F)F)nc1C=O,COC[C@H]1CN(c2ccc(Cl)c(OC)c2)CCN1C(C=O)n1nc(C(F)(F)F)c(Cl)c1C
PTVNXOBSLBUVSV-XPCCGILXSA-N,KCTMWUFWTVVDOB-UHFFFAOYSA-N,COC[C@H]1CN(c2ccc(Cl)c(OC)c2)CCN1C(C=O)n1nc(C(F)(F)F)c(Cl)c1C,NCc1c(N)cc(C(F)F)nc1C=O
WYTQWBFMNURVJB-UHFFFAOYSA-N,FTKDVMGOKIXNFD-UHFFFAOYSA-N,Cn1nc(C(F)(F)F)c(C=O)c1-n1ccc2cc(Cl)cnc21,NN1CCCC(c2cccc(F)c2)C1C=O
FTKDVMGOKIXNFD-UHFFFAOYSA-N,WYTQWBFMNURVJB-UHFFFAOYSA-N,NN1CCCC(c2cccc(F)c2)C1C=O,Cn1nc(C(F)(F)F)c(C=O)c1-n1ccc2cc(Cl)cnc21
CDYMCGORHDFOCI-UHFFFAOYSA-N,IQBZORFWAOBXNC-UHFFFAOYSA-N,O=Cc1c(Cl)ncnc1Nc1ccccc1,O=CC(F)(c1ccccc1)N1CCNCC1
IQBZORFWAOBXNC-UHFFFAOYSA-N,CDYMCGORHDFOCI-UHFFFAOYSA-N,O=CC(F)(c1ccccc1)N1CCNCC1,O=Cc1c(Cl)ncnc1Nc1ccccc1
JPKGKKDJZIDARN-VOHIISRTSA-N,IAQYBSZCTIVXRA-UHFFFAOYSA-N,N#CC(CC=O)c1c(F)c(Cl)c(-c2ccc3nc(NC(=O)[C@@H]4C[C@@H]4F)cn3c2)c2cn[nH]c12,O=CCc1c(O)ccc(Br)c1F
IAQYBSZCTIVXRA-UHFFFAOYSA-N,JPKGKKDJZIDARN-VOHIISRTSA-N,O=CCc1c(O)ccc(Br)c1F,N#CC(CC=O)c1c(F)c(Cl)c(-c2ccc3nc(NC(=O)[C@@H]4C[C@@H]4F)cn3c2)c2cn[nH]c12
ORDCIMNPEHUMOL-UHFFFAOYSA-N,MJKNAYYTEPMTCB-UHFFFAOYSA-N,Cc1ccc(CCC=O)cc1F,O=CC1(c2cc(Cl)ccc2F)COC1
MJKNAYYTEPMTCB-UHFFFAOYSA-N,ORDCIMNPEHUMOL-UHFFFAOYSA-N,O=CC1(c2cc(Cl)ccc2F)COC1,Cc1ccc(CCC=O)cc1F
KYZSFUXXDXDTMS-UHFFFAOYSA-N,ITJLFEVMYVBIPE-JJDIHXCJSA-N,C=C1c2c(c(OC(F)F)c3ccccc3c2CCCC)CN1c1ccc(CC=O)cc1F,CC1(C)[C@@H]2C(C(=O)N[C@H](C=O)C[C@@H]3CCNC3=O)N(C(=O)COc3ccc4c(c3)OCO4)C[C@@H]21
ITJLFEVMYVBIPE-JJDIHXCJSA-N,KYZSFUXXDXDTMS-UHFFFAOYSA-N,CC1(C)[C@@H]2C(C(=O)N[C@H](C=O)C[C@@H]3CCNC3=O)N(C(=O)COc3ccc4c(c3)OCO4)C[C@@H]21,C=C1c2c(c(OC(F)F)c3ccccc3c2CCCC)CN1c1ccc(CC=O)cc1F
NZMJZGNIBCXCCX-QGZVFWFLSA-N,MPIOQROHZQNFBB-UHFFFAOYSA-N,O=CC[C@H](COCc1ccccc1)c1ccccc1,O=CCOc1cc(F)ccc1F
MPIOQROHZQNFBB-UHFFFAOYSA-N,NZMJZGNIBCXCCX-QGZVFWFLSA-N,O=CCOc1cc(F)ccc1F,O=CC[C@H](COCc1ccccc1)c1ccccc1
PDTBXKACIIJAIX-KCXAZCMYSA-N,DVQMWPPIHXLSRL-UHFFFAOYSA-N,C=C[C@H](OC)[C@@H](OCc1ccc(OC)cc1)[C@H](C)C=O,O=CC1CC2(CCN(c3ccc(C4CCC(=O)NC4=O)cc3F)CC2)C1
DVQMWPPIHXLSRL-UHFFFAOYSA-N,PDTBXKACIIJAIX-KCXAZCMYSA-N,O=CC1CC2(CCN(c3ccc(C4CCC(=O)NC4=O)cc3F)CC2)C1,C=C[C@H](OC)[C@@H](OCc1ccc(OC)cc1)[C@H](C)C=O
GZCGUPFRVQAUEE-OMMKOOBNSA-N,AIYYFEWTZBMVKZ-PMOHQLOOSA-N,O=C[C@H](O)[C@H](O)[C@H](O)[C@@H](O)CO,C[C@H](c1nc2c(F)cccc2[nH]1)C(CC=O)(Nc1nc(Cc2ccc(F)cc2)no1)C(N)=O
AIYYFEWTZBMVKZ-PMOHQLOOSA-N,GZCGUPFRVQAUEE-OMMKOOBNSA-N,C[C@H](c1nc2c(F)cccc2[nH]1)C(CC=O)(Nc1nc(Cc2ccc(F)cc2)no1)C(N)=O,O=C[C@H](O)[C@H](O)[C@H](O)[C@@H](O)CO
ZWEFWSNICOIUSR-UHFFFAOYSA-N,PVMNWBRYHQDVIN-UHFFFAOYSA-N,CC(=O)C(C=O)c1ccccc1F,COCCOCCC=O
PVMNWBRYHQDVIN-UHFFFAOYSA-N,ZWEFWSNICOIUSR-UHFFFAOYSA-N,COCCOCCC=O,CC(=O)C(C=O)c1ccccc1F
XXQNFJFMRAIWBI-YFKPBYRVSA-N,OLMQVMULGVCMTC-UHFFFAOYSA-N,O=CCC=N[C@@H](CS)C(=O)O,CC(=O)Nc1ccc(C(=O)C2CCN(CC(C=O)c3ccc(F)cc3)CC2)cc1
OLMQVMULGVCMTC-UHFFFAOYSA-N,XXQNFJFMRAIWBI-YFKPBYRVSA-N,CC(=O)Nc1ccc(C(=O)C2CCN(CC(C=O)c3ccc(F)cc3)CC2)cc1,O=CCC=N[C@@H](CS)C(=O)O
IAPWRCRYBFEPIC-VXKWHMMOSA-N,RQSRKOAPJYMURR-UHFFFAOYSA-N,O=C[C@@H]1C(=O)N(c2ccc(F)cc2)[C@H]1c1ccc(OCc2ccccc2)cc1,O=CCc1cnc(-c2ccc(C(F)(F)F)cc2)o1
RQSRKOAPJYMURR-UHFFFAOYSA-N,IAPWRCRYBFEPIC-VXKWHMMOSA-N,O=CCc1cnc(-c2ccc(C(F)(F)F)cc2)o1,O=C[C@@H]1C(=O)N(c2ccc(F)cc2)[C@H]1c1ccc(OCc2ccccc2)cc1
IXXVLQONPDPXLU-UHFFFAOYSA-N,HPJQHAKEQZQQCL-UHFFFAOYSA-N,O=CC1OC1c1cccc(C(F)(F)F)c1CCCCCCCCc1cccs1,C=CCC1(C=O)CCCCC1
HPJQHAKEQZQQCL-UHFFFAOYSA-N,IXXVLQONPDPXLU-UHFFFAOYSA-N,C=CCC1(C=O)CCCCC1,O=CC1OC1c1cccc(C(F)(F)F)c1CCCCCCCCc1cccs1
RTMVZAZNAONVCQ-UHFFFAOYSA-N,JQIBLPXNGGGPDV-UHFFFAOYSA-N,CCOC(=O)CC(C)CCC=O,Cc1ccccc1OCCC=O
JQIBLPXNGGGPDV-UHFFFAOYSA-N,RTMVZAZNAONVCQ-UHFFFAOYSA-N,Cc1ccccc1OCCC=O,CCOC(=O)CC(C)CCC=O
KJECGUVBMQGYRN-UHFFFAOYSA-N,XYEAHHMVTWHTLR-UHFFFAOYSA-N,O=CC(F)(F)CC1CCCOC1,CCCCOC(=O)C(C)CC=O
XYEAHHMVTWHTLR-UHFFFAOYSA-N,KJECGUVBMQGYRN-UHFFFAOYSA-N,CCCCOC(=O)C(C)CC=O,O=CC(F)(F)CC1CCCOC1
PGYWJEBQKOKMDB-UHFFFAOYSA-N,WJAMZBQSTHIBII-UHFFFAOYSA-N,Cc1cc(CN(Cc2nn(-c3ccccc3)nc2C)CC(F)F)cc(C)c1OC(C)(C)C=O,CCC1(F)CC(C=O)(C(O)(C(F)(F)F)C(F)(F)F)CC=C1c1ccccc1
WJAMZBQSTHIBII-UHFFFAOYSA-N,PGYWJEBQKOKMDB-UHFFFAOYSA-N,CCC1(F)CC(C=O)(C(O)(C(F)(F)F)C(F)(F)F)CC=C1c1ccccc1,Cc1cc(CN(Cc2nn(-c3ccccc3)nc2C)CC(F)F)cc(C)c1OC(C)(C)C=O
CATUAIJPMONMQO-ZDUSSCGKSA-N,FIAHPTJTOFELSF-UHFFFAOYSA-N,CN(C)c1cccc2c(S(=O)(=O)N[C@H](C=O)CCCN=C(N)N)cccc12,CC(C)S(=O)(=O)c1ccc(C(F)(F)C=O)cc1
FIAHPTJTOFELSF-UHFFFAOYSA-N,CATUAIJPMONMQO-ZDUSSCGKSA-N,CC(C)S(=O)(=O)c1ccc(C(F)(F)C=O)cc1,CN(C)c1cccc2c(S(=O)(=O)N[C@H](C=O)CCCN=C(N)N)cccc12
CBAYHRZQHDCOJJ-CMDGGOBGSA-N,QRAXLHLYZJCAKB-DBRKOABJSA-N,O=CCC1CC2(CCN(C(=O)/C=C/c3ccccc3C(F)(F)F)CC2)c2c(Cl)cccc21,CO[C@H](C=O)[C@@H](O)[C@H](O)[C@H](O)CO
QRAXLHLYZJCAKB-DBRKOABJSA-N,CBAYHRZQHDCOJJ-CMDGGOBGSA-N,CO[C@H](C=O)[C@@H](O)[C@H](O)[C@H](O)CO,O=CCC1CC2(CCN(C(=O)/C=C/c3ccccc3C(F)(F)F)CC2)c2c(Cl)cccc21
ZSLYPWDYNSFTKL-UHFFFAOYSA-N,LMUQTIMOIJDYMJ-UHFFFAOYSA-N,CC1(C)C(O)C1(O)C=O,O=CC1(O)C=CC(c2ccccc2Cl)=CC1F
LMUQTIMOIJDYMJ-UHFFFAOYSA-N,ZSLYPWDYNSFTKL-UHFFFAOYSA-N,O=CC1(O)C=CC(c2ccccc2Cl)=CC1F,CC1(C)C(O)C1(O)C=O
CFAOMNVLPGEHGZ-UHFFFAOYSA-N,CMVSPFUYTQLKBI-UHFFFAOYSA-N,Cc1cc(C)c(C(O)C=O)c(F)c1,O=CCC1CCC(c2ccc(F)cc2)CC1
CMVSPFUYTQLKBI-UHFFFAOYSA-N,CFAOMNVLPGEHGZ-UHFFFAOYSA-N,O=CCC1CCC(c2ccc(F)cc2)CC1,Cc1cc(C)c(C(O)C=O)c(F)c1
GOVCEDZKNNIOCW-ZACQAIPSSA-N,DAUKAGZEHGMNLL-UHFFFAOYSA-N,C[C@]1(C#C[Si](C)(C)C)C[C@H](C=O)[C@H]1c1ccccc1,Cc1ncsc1CC=O
DAUKAGZEHGMNLL-UHFFFAOYSA-N,GOVCEDZKNNIOCW-ZACQAIPSSA-N,Cc1ncsc1CC=O,C[C@]1(C#C[Si](C)(C)C)C[C@H](C=O)[C@H]1c1ccccc1
PTRGVAIZHRFCHD-UHFFFAOYSA-N,PSQUMGMPOOWFFA-UHFFFAOYSA-N,O=CC12CCCC=C1SC(C(=O)c1cccc3ccccc13)C2,NN1C=CCN(c2ccc(F)cc2)C1C=O
PSQUMGMPOOWFFA-UHFFFAOYSA-N,PTRGVAIZHRFCHD-UHFFFAOYSA-N,NN1C=CCN(c2ccc(F)cc2)C1C=O,O=CC12CCCC=C1SC(C(=O)c1cccc3ccccc13)C2
XUHAILYELOOMRQ-UHFFFAOYSA-N,CXCONNIPHQLIED-UHFFFAOYSA-N,CC(C)CCC(N)C=O,COc1cccc(OC)c1C1CC(C)C(C=O)N1Cc1ccc(OC(F)(F)F)c(F)c1
CXCONNIPHQLIED-UHFFFAOYSA-N,XUHAILYELOOMRQ-UHFFFAOYSA-N,COc1cccc(OC)c1C1CC(C)C(C=O)N1Cc1ccc(OC(F)(F)F)c(F)c1,CC(C)CCC(N)C=O
NHDWZSKCYAMFOC-UHFFFAOYSA-N,MYQKOXRGVPLVDM-UHFFFAOYSA-N,O=CCCCCC(=O)c1ccccc1,COCCCOc1ccc(F)c(-c2ccnc(N3CCC(C=O)CC3)c2)c1
MYQKOXRGVPLVDM-UHFFFAOYSA-N,NHDWZSKCYAMFOC-UHFFFAOYSA-N,COCCCOc1ccc(F)c(-c2ccnc(N3CCC(C=O)CC3)c2)c1,O=CCCCCC(=O)c1ccccc1
LWUSTCRIYYYTKT-ZCFIWIBFSA-N,OJZOHRDXAXKWNF-UHFFFAOYSA-N,COc1cc(OC(F)F)c([C@H](Br)C=O)cc1Cl,CC(C)C(C=O)C(O)(C(F)(F)F)C(F)(F)F
OJZOHRDXAXKWNF-UHFFFAOYSA-N,LWUSTCRIYYYTKT-ZCFIWIBFSA-N,CC(C)C(C=O)C(O)(C(F)(F)F)C(F)(F)F,COc1cc(OC(F)F)c([C@H](Br)C=O)cc1Cl
UWDFTRRDGGNTRC-UHFFFAOYSA-N,FZPBGGWKHYHKAW-UHFFFAOYSA-N,O=CCCc1ccc(COc2ccc3c(c2)N(CCc2ccccc2)CCC3)cc1F,CC(Oc1ccc(Cl)cc1-c1ccc(C(C=O)N2CCCC2)c(C(F)(F)F)c1)C(=O)O
FZPBGGWKHYHKAW-UHFFFAOYSA-N,UWDFTRRDGGNTRC-UHFFFAOYSA-N,CC(Oc1ccc(Cl)cc1-c1ccc(C(C=O)N2CCCC2)c(C(F)(F)F)c1)C(=O)O,O=CCCc1ccc(COc2ccc3c(c2)N(CCc2ccccc2)CCC3)cc1F
OLNKMIRPMMNGNR-UHFFFAOYSA-N,LUIALFLCDRMCEJ-QNSVNVJESA-N,CN(C)CC1=CC=CC1C=O,C=C(c1ccccc1)C([C@H](CC=O)c1ccccc1)[N+](=O)[O-]
LUIALFLCDRMCEJ-QNSVNVJESA-N,OLNKMIRPMMNGNR-UHFFFAOYSA-N,C=C(c1ccccc1)C([C@H](CC=O)c1ccccc1)[N+](=O)[O-],CN(C)CC1=CC=CC1C=O
QJGQAZDHMYBFHD-UHFFFAOYSA-N,CQBXGINKSXJDAO-UHFFFAOYSA-N,CNc1nccc(Oc2ccc3c(c2)C2C(C3)C2c2nc3ccc(C(F)(F)F)cc3[nH]2)c1CCC=O,CN(C)CC(=O)N1CCC(C=O)(c2ccccc2)CC1
CQBXGINKSXJDAO-UHFFFAOYSA-N,QJGQAZDHMYBFHD-UHFFFAOYSA-N,CN(C)CC(=O)N1CCC(C=O)(c2ccccc2)CC1,CNc1nccc(Oc2ccc3c(c2)C2C(C3)C2c2nc3ccc(C(F)(F)F)cc3[nH]2)c1CCC=O
RXRGXFGHUGFVNR-UHFFFAOYSA-N,XLMNFXVMZOGVBI-UHFFFAOYSA-N,COC(=O)C1CC=CC(NC(=O)OCc2ccccc2)C1C=O,COc1cc(OCC(O)CO)cc(C2CCCC(C=O)N2Cc2ccc(OC(F)(F)F)cc2)c1
XLMNFXVMZOGVBI-UHFFFAOYSA-N,RXRGXFGHUGFVNR-UHFFFAOYSA-N,COc1cc(OCC(O)CO)cc(C2CCCC(C=O)N2Cc2ccc(OC(F)(F)F)cc2)c1,COC(=O)C1CC=CC(NC(=O)OCc2ccccc2)C1C=O
VNQMMVYBOYFHGI-UHFFFAOYSA-N,HOIPYUGIKCCZOY-QBMZZYIRSA-N,O=CC(O)(c1ccccc1)c1ccccc1,O=C[C@H]1O[C@H](O[C@]2(CCl)O[C@H](CCl)[C@@H](O)[C@@H]2O)[C@H](O)[C@@H](O)[C@H]1Cl
HOIPYUGIKCCZOY-QBMZZYIRSA-N,VNQMMVYBOYFHGI-UHFFFAOYSA-N,O=C[C@H]1O[C@H](O[C@]2(CCl)O[C@H](CCl)[C@@H](O)[C@@H]2O)[C@H](O)[C@@H](O)[C@H]1Cl,O=CC(O)(c1ccccc1)c1ccccc1
CALTVSOZAJMIGE-VXUIKNBNSA-N,IUHPSLZZALBBDU-UHFFFAOYSA-N,CC(=O)O[C@@H]([C@@H](O)[C@H](O)C=O)[C@H](C)O,CC(F)c1ccccc1CCC=O
IUHPSLZZALBBDU-UHFFFAOYSA-N,CALTVSOZAJMIGE-VXUIKNBNSA-N,CC(F)c1ccccc1CCC=O,CC(=O)O[C@@H]([C@@H](O)[C@H](O)C=O)[C@H](C)O
VAHSFBLNASSYTB-UHFFFAOYSA-N,LJFJNOKWISOUSV-UHFFFAOYSA-N,COc1cccc(C(C=O)c2c(OC)ccc(OC)c2F)c1,CC(O)C1(C=O)CCCCC1
LJFJNOKWISOUSV-UHFFFAOYSA-N,VAHSFBLNASSYTB-UHFFFAOYSA-N,CC(O)C1(C=O)CCCCC1,COc1cccc(C(C=O)c2c(OC)ccc(OC)c2F)c1
CKZQRGBDPKBMPL-UHFFFAOYSA-N,WDQSRSQCLVJPJE-CYBMUJFWSA-N,Cc1cc(CC=O)cc(C)c1OC(C)(C)C(=O)OF,COc1ccccc1C(C)(C)C[C@@](O)(C=O)C(F)(F)F
WDQSRSQCLVJPJE-CYBMUJFWSA-N,CKZQRGBDPKBMPL-UHFFFAOYSA-N,COc1ccccc1C(C)(C)C[C@@](O)(C=O)C(F)(F)F,Cc1cc(CC=O)cc(C)c1OC(C)(C)C(=O)OF
HBLXNTXEVRUYHX-UHFFFAOYSA-N,PXRUFISGVHZBSF-HNNXBMFYSA-N,COc1cc(C(C)CC=O)cc(F)c1C,CCOC(=O)NN(C(=O)OCC)[C@@](C)(C=O)c1ccc(F)cc1
PXRUFISGVHZBSF-HNNXBMFYSA-N,HBLXNTXEVRUYHX-UHFFFAOYSA-N,CCOC(=O)NN(C(=O)OCC)[C@@](C)(C=O)c1ccc(F)cc1,COc1cc(C(C)CC=O)cc(F)c1C
MHLMCMFEAVRZDJ-UHFFFAOYSA-N,ZSGOHBRTWBAIIJ-UHFFFAOYSA-N,COc1cccc(OC)c1C1OCC(C=O)N1CCc1cccc(OC(F)(F)F)c1,O=CC1(c2ccccn2)N=CC=N1
ZSGOHBRTWBAIIJ-UHFFFAOYSA-N,MHLMCMFEAVRZDJ-UHFFFAOYSA-N,O=CC1(c2ccccn2)N=CC=N1,COc1cccc(OC)c1C1OCC(C=O)N1CCc1cccc(OC(F)(F)F)c1
DNYHWAFTTRLRTJ-UHFFFAOYSA-N,LHQVRCNKIKXXHV-LSDHHAIUSA-N,O=CC(O)CNC(=O)OCc1ccccc1,CC(=O)O[C@H](C=O)[C@H](Cc1ccccc1)NC(=O)OC(C)(C)C
LHQVRCNKIKXXHV-LSDHHAIUSA-N,DNYHWAFTTRLRTJ-UHFFFAOYSA-N,CC(=O)O[C@H](C=O)[C@H](Cc1ccccc1)NC(=O)OC(C)(C)C,O=CC(O)CNC(=O)OCc1ccccc1
DPVHNIXDEVQWCP-UHFFFAOYSA-N,XDTJJGUIFMTZAL-CHWSQXEVSA-N,C=CCC(C=O)CCCCl,CC1(C)OC[C@H](c2ccccc2)[C@@H](CC=O)O1
XDTJJGUIFMTZAL-CHWSQXEVSA-N,DPVHNIXDEVQWCP-UHFFFAOYSA-N,CC1(C)OC[C@H](c2ccccc2)[C@@H](CC=O)O1,C=CCC(C=O)CCCCl
GCCHQQYEUACPFL-ZTYPAOSTSA-N,RIIXYTONXHHEOC-UHFFFAOYSA-N,CO[C@@H]([C@@H](O)[C@@H](O)C=O)[C@H](C)O,O=CC(Br)c1cc(C(F)(F)F)ccc1F
RIIXYTONXHHEOC-UHFFFAOYSA-N,GCCHQQYEUACPFL-ZTYPAOSTSA-N,O=CC(Br)c1cc(C(F)(F)F)ccc1F,CO[C@@H]([C@@H](O)[C@@H](O)C=O)[C@H](C)O
UJZAWQINJHZMNV-UHFFFAOYSA-N,XYYMIIIQUBXBGN-WEBNNTSLSA-N,O=CC(F)C(=O)O,C/C=C1\CN2CC[C@]34C(=C(CC=O)[C@H]1C[C@H]23)Nc1ccccc14
XYYMIIIQUBXBGN-WEBNNTSLSA-N,UJZAWQINJHZMNV-UHFFFAOYSA-N,C/C=C1\CN2CC[C@]34C(=C(CC=O)[C@H]1C[C@H]23)Nc1ccccc14,O=CC(F)C(=O)O
RFLCTSCQSRZCNB-UHFFFAOYSA-N,QSCFYXWKXIYAKA-UHFFFAOYSA-N,CNC(=O)C(CCC=O)c1ccc(F)c(C(C)C)c1,CC1(C)C(=O)N(c2cnc(C#N)c(C(F)(F)F)c2)C(S)N1c1ccc2c(c1)CCC(C=O)O2
QSCFYXWKXIYAKA-UHFFFAOYSA-N,RFLCTSCQSRZCNB-UHFFFAOYSA-N,CC1(C)C(=O)N(c2cnc(C#N)c(C(F)(F)F)c2)C(S)N1c1ccc2c(c1)CCC(C=O)O2,CNC(=O)C(CCC=O)c1ccc(F)c(C(C)C)c1
ZBHNYLWTNWHAQL-SFHVURJKSA-N,CLXUYCFBFFEJNH-UHFFFAOYSA-N,COc1cc(N2CCCC2)ccc1[C@@H](CC=O)c1ccccc1,O=CCN1CC(c2cc(Nc3cc(C(F)(F)F)ccn3)nc(N3CCC(F)(F)C3)c2)C1
CLXUYCFBFFEJNH-UHFFFAOYSA-N,ZBHNYLWTNWHAQL-SFHVURJKSA-N,O=CCN1CC(c2cc(Nc3cc(C(F)(F)F)ccn3)nc(N3CCC(F)(F)C3)c2)C1,COc1cc(N2CCCC2)ccc1[C@@H](CC=O)c1ccccc1
OPJBOWPEHQIDOO-UHFFFAOYSA-N,XMEVWSHKKCJFSV-UHFFFAOYSA-N,O=CCc1c(C(F)(F)F)cccc1C(F)(F)F,CC(C)(C)[Si](C)(C)OC1C(C=O)OC(n2ccc(=O)n(C(=O)c3ccccc3)c2=O)C1CF
XMEVWSHKKCJFSV-UHFFFAOYSA-N,OPJBOWPEHQIDOO-UHFFFAOYSA-N,CC(C)(C)[Si](C)(C)OC1C(C=O)OC(n2ccc(=O)n(C(=O)c3ccccc3)c2=O)C1CF,O=CCc1c(C(F)(F)F)cccc1C(F)(F)F
ZAVYLQGLQYIKKF-LFRDXLMFSA-N,BHZMIMWLXCEQDL-UHFFFAOYSA-N,O=C[C@H](O)[C@@H](O)[C@@H](O)C(=O)CO,CC(C)(C)OC(=O)N1CCN(Cc2ccccc2)CC1C=O
BHZMIMWLXCEQDL-UHFFFAOYSA-N,ZAVYLQGLQYIKKF-LFRDXLMFSA-N,CC(C)(C)OC(=O)N1CCN(Cc2ccccc2)CC1C=O,O=C[C@H](O)[C@@H](O)[C@@H](O)C(=O)CO
XGGBCMGCZQMIQF-UHFFFAOYSA-N,OVZSTMLKLFDZAD-UHFFFAOYSA-N,COc1c(C(C)CC=O)cc(Cl)c(F)c1C,CC(CC=O)N(N)c1nc(N(C)c2ccc3[nH]ncc3c2)c(C(N)=O)cc1F
OVZSTMLKLFDZAD-UHFFFAOYSA-N,XGGBCMGCZQMIQF-UHFFFAOYSA-N,CC(CC=O)N(N)c1nc(N(C)c2ccc3[nH]ncc3c2)c(C(N)=O)cc1F,COc1c(C(C)CC=O)cc(Cl)c(F)c1C
ZLUOQEHPPOJAOM-UHFFFAOYSA-N,RDLHQGLJEDJKHG-UHFFFAOYSA-N,O=CC1CCN(c2ccc(F)cc2O)CC1,C=C=CCN(CCC=O)C(=O)OC(C)(C)C
RDLHQGLJEDJKHG-UHFFFAOYSA-N,ZLUOQEHPPOJAOM-UHFFFAOYSA-N,C=C=CCN(CCC=O)C(=O)OC(C)(C)C,O=CC1CCN(c2ccc(F)cc2O)CC1
QPOJYVQSMBWKMG-UHFFFAOYSA-N,CTQOZRLWPLPFAH-MLCCFXAWSA-N,CC(C)COc1cccc2c1C(=O)C(C(C)(C)C=O)=CC2=O,CC1=N[C@](C)(c2cc([N+](=O)[O-])ccc2F)CS(=O)(=O)C1(CF)CC=O
CTQOZRLWPLPFAH-MLCCFXAWSA-N,QPOJYVQSMBWKMG-UHFFFAOYSA-N,CC1=N[C@](C)(c2cc([N+](=O)[O-])ccc2F)CS(=O)(=O)C1(CF)CC=O,CC(C)COc1cccc2c1C(=O)C(C(C)(C)C=O)=CC2=O
PDKBKOFBAYOHKI-UHFFFAOYSA-N,JNVRADOEHQKGIK-UHFFFAOYSA-N,O=CCCn1c(-c2[nH]nc(OC(F)F)c2Cl)c(P)cc(Cl)c1=O,NCC(C=O)(Cc1ccc(O)cc1)NF
JNVRADOEHQKGIK-UHFFFAOYSA-N,PDKBKOFBAYOHKI-UHFFFAOYSA-N,NCC(C=O)(Cc1ccc(O)cc1)NF,O=CCCn1c(-c2[nH]nc(OC(F)F)c2Cl)c(P)cc(Cl)c1=O
QXBKCHWLNZBODW-UHFFFAOYSA-N,TXEQAEUHAWWIOI-UHFFFAOYSA-N,O=CC1CC1(c1ccc(F)cc1)c1ccc(F)cc1,O=CCOc1c(F)cccc1[N+](=O)[O-]
TXEQAEUHAWWIOI-UHFFFAOYSA-N,QXBKCHWLNZBODW-UHFFFAOYSA-N,O=CCOc1c(F)cccc1[N+](=O)[O-],O=CC1CC1(c1ccc(F)cc1)c1ccc(F)cc1
OQFHIYNTBXXBFJ-UHFFFAOYSA-N,QTOFWZXIYWUTDF-DZGCQCFKSA-N,CCCCOc1cccc(C(F)(F)CNC(C=O)N2CCC2)c1,C=CC[C@]1(OC)C(=O)N(c2ccc(OC)cc2)[C@H]1C=O
QTOFWZXIYWUTDF-DZGCQCFKSA-N,OQFHIYNTBXXBFJ-UHFFFAOYSA-N,C=CC[C@]1(OC)C(=O)N(c2ccc(OC)cc2)[C@H]1C=O,CCCCOc1cccc(C(F)(F)CNC(C=O)N2CCC2)c1
WWNROKMSDUGWSV-UHFFFAOYSA-N,NGYGDBSTHXNBFS-UHFFFAOYSA-N,O=CCN1C(=O)CCC1=O,CC(C)(C)OC(=O)NC(C=O)c1cc(F)c(Cl)cc1Cl
NGYGDBSTHXNBFS-UHFFFAOYSA-N,WWNROKMSDUGWSV-UHFFFAOYSA-N,CC(C)(C)OC(=O)NC(C=O)c1cc(F)c(Cl)cc1Cl,O=CCN1C(=O)CCC1=O
HQZPOJSCIXDZSC-QCFAMHMHSA-N,FUTROHTZZFOARC-LBPRGKRZSA-N,O=CC[C@@H]1[C@@H](CNC(=O)OCc2ccccc2)[C@H]2O[C@@H]1C(=O)c1ccccc12,CC(C)(C)OC(=O)N[C@@H](CC=O)c1ccc(Cl)c(F)c1
FUTROHTZZFOARC-LBPRGKRZSA-N,HQZPOJSCIXDZSC-QCFAMHMHSA-N,CC(C)(C)OC(=O)N[C@@H](CC=O)c1ccc(Cl)c(F)c1,O=CC[C@@H]1[C@@H](CNC(=O)OCc2ccccc2)[C@H]2O[C@@H]1C(=O)c1ccccc12
GSOMXRHRADQEBE-UHFFFAOYSA-N,YIMATNRWPCRPAU-UHFFFAOYSA-N,COC1(C=O)C=CC(F)=CN1,O=CC(NC(=O)C1CCC(=O)N1)C(O)C(O)C(O)CO
YIMATNRWPCRPAU-UHFFFAOYSA-N,GSOMXRHRADQEBE-UHFFFAOYSA-N,O=CC(NC(=O)C1CCC(=O)N1)C(O)C(O)C(O)CO,COC1(C=O)C=CC(F)=CN1
SDMJKAXLWSPIEZ-ONEGZZNKSA-N,HTYHYORTTZMYSZ-UHFFFAOYSA-N,O=CC1CN(C2CCCc3c(cccc3OC/C=C/c3ccc(C(F)(F)F)cc3)C2)C1,COc1ccc(C(C=O)c2ccc(OC)c(F)c2)cc1
HTYHYORTTZMYSZ-UHFFFAOYSA-N,SDMJKAXLWSPIEZ-ONEGZZNKSA-N,COc1ccc(C(C=O)c2ccc(OC)c(F)c2)cc1,O=CC1CN(C2CCCc3c(cccc3OC/C=C/c3ccc(C(F)(F)F)cc3)C2)C1
